0,"Richard Stallman: ‚ÄúOs celulares espiam e transmitem nossas conversas, mesmo desligados‚Äù "
1,YouTube enfrenta um esc√¢ndalo com milhares de coment√°rios ped√≥filos em v√≠deos de menores 
2,Samsung lan√ßa celular dobr√°vel e espreme a tecnologia nos Galaxy S10 
3,20 ‚Äòinstagramers‚Äô maiores de 60 anos provam que estilo n√£o tem idade 
4,O que acontece com seu c√©rebro se voc√™ largar o Facebook? 
5,O menino de 11 anos que j√° programou mais de 100 videogames 
6,10 aplicativos que podem levar seus Stories do Instagram ao n√≠vel profissional 
7,Messenger permitir√° deletar mensagens depois de enviadas 
8,"Chega o porn√¥ em √°udio: esque√ßa a imagem, pois o som pode ser muito mais excitante "
9,"Marc Aug√©: ‚ÄúCom a tecnologia j√° carregamos o ‚Äòn√£o lugar‚Äô em cima, conosco‚Äù "
10,WhatsApp limita reenvio de mensagens para combater not√≠cias falsas 
11,772 milh√µes de emails foram expostos. Verifique se o seu est√° entre eles 
12,Como aplicar o m√©todo de limpeza de Marie Kondo na vida digital 
13,"Celular 5G, internet das coisas e rob√¥s contra a solid√£o: a tecnologia em 2019 "
14,Twitter busca volunt√°rios para testar ‚Äúconversas mais saud√°veis‚Äù entre usu√°rios 
15,Quando Isaac Asimov brincou de prever 2019 e acertou 
16,M√£e flagra filho de seis anos usando Alexa para fazer li√ß√£o de casa 
17,O Instagram ser√° a solu√ß√£o para os problemas do Facebook? 
18,O celular se reinventar√° em 2019: estas s√£o as novidades que veremos 
19,√â √©tico comprar na Amazon? 
20,Elon Musk apresenta t√∫nel subterr√¢neo para carros circularem a 240 km/h 
21,Facebook compartilhou dados sens√≠veis de seus usu√°rios com mais de 150 grandes empresas 
22,Facebook infla perfis para vender mais an√∫ncios 
23,"Falha do Facebook permite que 1.500 aplicativos acessem fotos de 6,8 milh√µes de usu√°rios "
24,Quatro patentes do Facebook que far√£o voc√™ pensar sobre sua privacidade 
25,Documentos do Facebook revelam que a empresa debateu vender dados de usu√°rios 
26,O pior ano do Facebook 
27,Corrigir o desastre da Internet 
28,"‚ÄúOs privilegiados s√£o analisados por pessoas; as massas, por m√°quinas‚Äù "
29,‚ÄúPrecisamos da intelig√™ncia artificial para sobreviver como esp√©cie‚Äù 
30,Um celular poderia durar 12 anos se sua vida n√£o fosse encurtada de prop√≥sito 
31,WhatsApp come√ßa a apagar mensagens e fotos antigas 
32,China estreia apresentadores artificiais de TV 
33,O vaso sanit√°rio com que Bill Gates quer economizar 880 bilh√µes de reais 
34,As not√≠cias-lixo s√£o mais compartilhadas nos EUA hoje do que em 2016 
35,Criminosos p√µem √† venda dados pessoais de 120 milh√µes de contas do Facebook 
36,O que acontece se a Internet controla as a√ß√µes de um humano? Saberemos na noite de Halloween 
37,O risco de cobrir a ‚Äòwebcam‚Äô 
38,"WhatsApp, uma arma eleitoral sem lei "
39,‚ÄúOs dados que voc√™ entrega acabar√£o por estrangul√°-lo no sistema‚Äù 
40,Facebook avisar√° usu√°rios para monitorar mensagens ap√≥s invas√£o por ‚Äòhackers‚Äô 
41,Um artigo cient√≠fico detalha pela primeira vez as cifras do Facebook (e s√£o impressionantes) 
42,Facebook revela que deixou desprotegidos os dados de 50 milh√µes de clientes 
43,"Google, o gigante tecnol√≥gico, comemora seu 20¬∫ anivers√°rio "
44,Facebook cria sala de guerra para monitorar interfer√™ncia nas elei√ß√µes de Brasil e EUA 
45,10 sons em perigo de extin√ß√£o 
46,O que oferecem os novos iPhones 
47,Apple apresenta seus novos modelos de iPhone 
48,Dez perguntas que voc√™ deve fazer a seus filhos sobre o Instagram 
49,Pau Ninja: o rei dos millennials 
50,"Chefe do Twitter: ‚ÄúAs redes sociais acarretam riscos, e assumimos a responsabilidade de arrum√°-las‚Äù "
51,"Sugest√µes de ‚Äúquem deixar de seguir‚Äù, a nova experi√™ncia do Twitter "
52,O dia em que as redes nos venderam 
53,"Jaron Lanier, pioneiro da internet, quer que voc√™ largue as redes sociais "
54,Facebook elimina 650 p√°ginas falsas ligadas √† R√∫ssia e ao Ir√£ que procuravam influenciar v√°rios pa√≠ses 
55,"Doutor, quero me parecer com minha selfie "
56,A era em que os rob√¥s influenciam humanos 
57,Max Tegmark: ‚ÄúH√° uma grande press√£o econ√¥mica para tornar os humanos obsoletos‚Äù 
58,Identificada uma sofisticada t√©cnica para roubar iPhones 
59,Os renegados do Vale do Sil√≠cio que agora querem deter as tecnol√≥gicas 
60,Facebook troca informa√ß√£o de usu√°rios com institui√ß√µes banc√°rias nos EUA 
61,Pol√≠tica 2.0: os aplicativos que ajudam o eleitor a escolher o candidato e a cobr√°-lo depois 
62,Instagram e Facebook criam alerta para controlar o tempo que voc√™ passa nas redes 
63,Como ser um astro da programa√ß√£o e assessorar a IBM com apenas 15 anos 
64,Uma visita ‚Äòfake‚Äô ao imp√©rio do Facebook 
65,Pare de falar em v√≠cio em Internet 
66,Elon Musk perde o controle 
67,WhatsApp limita o reenvio de mensagens para combater o ‚Äòspam‚Äô e as not√≠cias falsas 
68,Um t√°xi que voa a 400 quil√¥metros por hora 
69,Pol√™mica pelo estupro do avatar de uma menina de sete anos em um popular videogame 
70,Facebook confirma que rastreia at√© os movimentos do seu mouse 
71,O mundo nauseante da ‚ÄòInternet profunda‚Äô 
72,Apple se volta para a realidade aumentada na nova vers√£o do iOS 
73,Facebook tamb√©m compartilhou dados dos usu√°rios com fabricantes de celulares 
74,Quem √© voc√™ no grupo de pais e m√£es do WhatsApp? 
75,FBI lan√ßa alerta mundial: √© preciso reiniciar os roteadores 
76,Alto-falante inteligente da Amazon grava uma conversa particular e a envia a um contato 
77,"‚ÄúOdeio o celular da minha m√£e
porque ela sempre est√° com ele‚Äù "
78,A menina que quis ver sua foto: assim foi inventada a Polaroid 
79,"Reed Hastings: ‚ÄúA Netflix n√£o procura fazer imperialismo cultural, mas tamb√©m n√£o √© anti-imperialista‚Äù "
80,O celular consegue ouvir nossas conversas particulares? 
81,"ZooPark, o v√≠rus que pode ler as conversas do WhatsApp "
82,‚ÄúO Facebook j√° n√£o tem controle do que acontece com os dados dos usu√°rios‚Äù 
83,A Europa se fixa em Asimov para regular as m√°quinas aut√¥nomas 
84,Facebook Dating: assim funcionar√° o novo cupido inteligente 
85,Twitter pede que seus usu√°rios troquem a senha devido a uma falha de seguran√ßa 
86,Facebook dir√° aos usu√°rios quais aplicativos usam seus dados e lhes permitir√° apagar essas informa√ß√µes 
87,O grande desafio do avi√£o supers√¥nico silencioso da NASA 
88,Adam Alter: ‚ÄúO v√≠cio nas telas avan√ßa silencioso‚Äù 
89,O mist√©rio dos sussurros que s√£o um sucesso no YouTube 
90,Assim os algoritmos perpetuam a desigualdade social 
91,Facebook: a m√°quina de fazer dinheiro se prepara para se enquadrar √† lei 
92,"Quando um carro aut√¥nomo atropela algu√©m, quem responde? "
93,√â poss√≠vel navegar pela Internet sem deixar rastros? 
94,"‚ÄòDespacito‚Äô, de Luis Fonsi, desaparece de Youtube por um ataque de ‚Äòhackers‚Äô "
95,"Rob√¥ Sophia: ‚ÄúOs humanos s√£o as criaturas mais criativas do planeta, mas tamb√©m as mais destrutivas‚Äù "
96,Mais de 400 mil brasileiros foram afetados pelo vazamento de dados do Facebook 
97,"Antes de banir ‚Äòapp‚Äô usado pelo MBL, Facebook aceitou seu criador em seleta confer√™ncia anual "
98,Tesla reconhece o segundo acidente mortal nos EUA com um carro em piloto autom√°tico 
99,"Na verdade, o que [...] √© exatamente um algoritmo? "
100,√â hora de abandonar o Facebook? 
101,"Como saber quais aplicativos t√™m acesso aos seus dados no Facebook, como fez a Cambridge Analytica "
102,Cambridge Analytica e a nova era Snowden na prote√ß√£o de dados pessoais 
103,Chegam os primeiros rob√¥s sexuais: voc√™ pode escolher a personalidade deles 
104,A√ß√µes do Facebook caem quase 5% com revela√ß√µes sobre vazamento de dados pessoais 
105,Carro sem motorista da Uber provoca primeiro acidente fatal 
106,"M√°quinas espertas, mas sem bom senso "
107,Samsung quer acabar com a tela preta da televis√£o 
108,Facebook recua e encerra experimento de excluir a m√≠dia dos murais dos usu√°rios 
109,"Vero, o concorrente do Facebook que promete romper as ‚Äòbolhas‚Äô da internet "
110,Por que n√£o existe uma tomada √∫nica para todos os pa√≠ses? 
111,Samsung coloca a c√¢mera lenta em seu novo Galaxy S9 
112,Rebeli√£o contra as redes sociais 
113,Empresas tecnol√≥gicas barram porn√¥ manipulado por intelig√™ncia artificial 
114,Ser√° este o maior vazamento da hist√≥ria da Apple? 
115,O c√©rebro por tr√°s da Netflix 
116,Amazon patenteia ‚Äúpulseira ultrass√¥nica‚Äù que monitora funcion√°rio 
117,‚ÄúFeito na Terra por humanos‚Äù: a mensagem no carro que Elon Musk enviou ao espa√ßo 
118,O tempo gasto na Internet deveria ser remunerado? 
119,"Um lan√ßa-chamas, a nova ‚Äúinven√ß√£o‚Äù de Elon Musk "
120,Google se torna a empresa que mais gasta com lobby nos EUA 
121,"‚ÄúN√£o quero meu sobrinho nas redes sociais‚Äù, diz Tim Cook "
122,"Amazon Go, a loja sem atendentes e sem caixa "
123,A press√£o interna na Apple para prevenir o v√≠cio de crian√ßas pelo iPhone 
124,V√≠cio em videogame j√° afeta 9% dos usu√°rios 
125,"Seu ano em pixels, um m√©todo para ver se 2018 est√° te tratando bem "
126,Google conserta seu algoritmo ‚Äúracista‚Äù apagando os gorilas 
127,Facebook priorizar√° os conte√∫dos pessoais em rela√ß√£o √†s not√≠cias 
128,Vulnerabilidade no WhatsApp permite pleno acesso aos grupos 
129,Engenheiro demitido por publicar manifesto machista denuncia Google por ‚Äúdiscrimina√ß√£o no trabalho‚Äù 
130,Fran√ßa investiga Apple por obsolesc√™ncia programada dos iPhone antigos 
131,Uma garrafa contra as garrafas de pl√°stico 
132,O reconhecimento facial abre caminho para o pesadelo de George Orwell 
133,Identificado grave problema de seguran√ßa nos processadores Intel 
134,Apple pede desculpas pelo ‚Äúmal-entendido‚Äù dos iPhones mais lentos 
135,Por que os pais escutam m√∫sica no Spotify‚Ä¶ e os filhos no YouTube 
136,"‚ÄúSe n√£o quiser ver tu√≠tes nazistas, finja que est√° na Alemanha‚Äù "
137,Revelados os primeiros detalhes do Samsung Galaxy S9 
138,William Waack e Jos√© Mayer: as personalidades mais buscadas no Google no Brasil em 2017 
139,O ‚Äòapp‚Äô brasileiro para denunciar abusos e ataques a menores 
140,"‚ÄúAs redes sociais est√£o dilacerando a sociedade‚Äù, diz um ex-executivo do Facebook "
141,Por que o ‚Äòmachine learning‚Äô ser√° a tecnologia mais importante em 2018 
142,Acesso √† tecnologia: o novo indicador de desigualdade 
143,Um dia na garagem do Google 
144,A silenciosa tomada de poder do ativismo digital 
145,"Amber Case: ‚ÄúO celular √© o novo cigarro: se fico entediada, dou uma olhada nele. Est√° nos escravizando‚Äù "
146,Linguagens de programa√ß√£o para crian√ßas completam meio s√©culo 
147,Por que paramos de ca√ßar Pok√©mons? 
148,"Rob√¥s e ‚Äòtrolls‚Äô, as armas que Governos usam para envenenar a pol√≠tica nas redes "
149,EUA apresentam plano para acabar com a neutralidade da rede 
150,Google revela m√©todos preferidos dos hackers para invadir contas do Gmail 
151,Cansado de e-mails com tentativas de golpe? Um sistema contra-ataca na mesma moeda 
152,Pioneiros do Facebook criticam transforma√ß√£o da rede em ferramenta de manipula√ß√£o em massa 
153,"Furador de papel, engenharia alem√£ a servi√ßo dom√©stico "
154,Por que o Twitter continua sem deixar voc√™ editar as suas mensagens 
155,‚ÄòBlack Friday‚Äô 2017: seis dicas b√°sicas para comprar ‚Äòonline‚Äô 
156,Como os tuiteiros est√£o aproveitando os 280 caracteres 
157,iPhone X: as surpresas do novo queridinho da Apple 
158,WhatsApp finalmente deixa arrependidos apagarem mensagens 
159,‚ÄòHackers‚Äô atacam o site do EL PA√çS 
160,O obscuro uso do Facebook e do Twitter como armas de manipula√ß√£o pol√≠tica 
161,Facebook estuda mostrar s√≥ o conte√∫do de p√°ginas pagas 
162,As p√≠lulas ‚Äòinteligentes‚Äô que querem revolucionar o atendimento m√©dico 
163,Aplicativos com intelig√™ncia (artificial) que antecipam nossas necessidades 
164,Um aplicativo quer ajud√°-lo a se desconectar do ‚Äúsmartphone‚Äù 
165,"Algo est√° roubando o sono dos adolescentes, mas a solu√ß√£o √© surpreendentemente simples "
166,Intelig√™ncia artificial j√° aprende sozinha a ser invenc√≠vel 
167,WhatsApp avisar√° seus amigos se voc√™ estiver atrasado 
168,Estados Unidos-Jap√£o: o primeiro campeonato real entre rob√¥s gigantes 
169,As bonecas sexuais inteligentes j√° est√£o aqui (e podem fingir orgasmos) 
170,Especialistas encontram grave falha de seguran√ßa nas redes wi-fi de todo mundo 
171,A tecnologia que pode substituir os idiomas 
172,Programado para estragar 
173,Por que o Dia das Crian√ßas no Brasil acontece em 12 de outubro? 
174,Testamos a fundo o iPhone 8 Plus: mais (e melhores) fotos 
175,Facebook e Instagram experimentam problemas de conex√£o em v√°rios pa√≠ses 
176,"Voc√™ √© mais feliz no Instagram, e sabe disso "
177,Google Pixel 2: assim √© o novo telefone com intelig√™ncia artificial 
178,Instagram Stories lan√ßa ferramenta de enquetes 
179,Estudo da desigualdade... no Tinder 
180,Raz√µes para enfrentar os assediadores da Internet 
181,Anivers√°rio do Google: 19 anos cheios de surpresas 
182,Twitter amplia o limite para 280 caracteres por mensagem 
183,Seu escrit√≥rio √© machista? Tire a prova com estes ‚Äòapps‚Äô 
184,O grande erro de Bill Gates: CTRL+ALT+DEL 
185,O que acontece durante um minuto na Internet? 
186,Cinco alternativas chinesas aos iPhones pela metade do pre√ßo 
187,Apple apresenta o iPhone X e o iPhone 8 
188,O inesperado iPhone X e todas as surpresas preparadas pela Apple 
189,"Facebook √© multado em 1,2 milh√£o de euros por usar informa√ß√µes sem autoriza√ß√£o "
190,"‚ÄúAl√¥, aqui √© um rob√¥ sem sentimentos nem empatia‚Äù "
191,iPhone X: como ser√° o novo ‚Äòsmartphone‚Äô que a Apple lan√ßa na ter√ßa-feira 
192,"5G, a tecnologia que mudar√° nossa rotina e nosso bolso "
193,Saiba como funcionam os gifs tridimensionais que chegam pelo WhatsApp 
194,"Sarahah, o ‚Äòaplicativo da sinceridade‚Äô que fomentou o cyberbullying "
195,Por que √© importante que o poder p√∫blico use software livre 
196,Elon Musk encabe√ßa uma peti√ß√£o √† ONU para proibir os ‚Äòrob√¥s soldado‚Äô 
197,Samsung Galaxy 8 busca ‚Äúperd√£o‚Äù depois de fiasco das baterias explosivas 
198,"Android Oreo, as novidades do rec√©m-lan√ßado sistema operacional do Google "
199,Ningu√©m mais escreve e-mails de amor 
200,Os ‚Äòe-Sports‚Äô poder√£o virar modalidade ol√≠mpica nos Jogos de Paris 
201,Assim funciona a rodovia eletrificada 
202,"Cora Coralina, a poeta do cerrado, √© homenageada pelo Google "
203,A gera√ß√£o que n√£o assiste mais TV 
204,"‚ÄúO ser humano tem esperan√ßa, estamos programados para o otimismo‚Äù "
205,"Seu ex n√£o vai sumir: depois das redes sociais, separa√ß√µes n√£o s√£o como antes "
206,‚ÄòHackers‚Äô pedem seis milh√µes de d√≥lares √† HBO para devolver dados roubados 
207,Voc√™ trocaria o crach√° por um chip sob a pele? 
208,Google demite funcion√°rio que escreveu manifesto machista 
209,A meca dos ‚Äòyoutubers‚Äô fica no Rio e tem vista para o mar 
210,IBM bate recorde de armazenamento com um cartucho no qual cabem 330 milh√µes de livros 
211,Vaza manifesto machista de engenheiro do Google contra igualdade de g√™nero 
212,Instagram Stories comemora primeiro ano e destaca participa√ß√£o de brasileiros 
213,Revelado o design do novo iPhone 
214,"Roomba, o aspirador de p√≥ espi√£o "
215,Facebook lucra 71% a mais no segundo trimestre 
216,Google vai mudar sua ‚Äòhome‚Äô para ser mais do que um buscador 
217,Fundador de AlphaBay foi pego por um erro de principiante 
218,Emoji com v√©u mu√ßulmano chegar√° ao iPhone gra√ßas a jovem de 16 anos 
219,Elon Musk: ‚ÄúA intelig√™ncia artificial amea√ßa a exist√™ncia de nossa civiliza√ß√£o‚Äù 
220,O mapa dos pa√≠ses mais sedent√°rios do mundo: o Brasil est√° entre eles 
221,O Google Earth mapeia a Amaz√¥nia 
222,Um dia na vida de um trabalhador de uma cidade inteligente 
223,Como controlar os espi√µes na sala de sua casa 
224,Deixaremos de ter carro? Consumo colaborativo e ve√≠culos aut√¥nomos como alternativas 
225,EL PA√çS protege seus usu√°rios com navega√ß√£o segura 
226,Como uma cidade de Israel virou a capital mundial da ciberseguran√ßa 
227,Quem ser√° o chefe da Uber? Os nomes que mais despontam no Vale do Sil√≠cio 
228,O 5G j√° est√° quase aqui: tudo o que voc√™ poder√° fazer com a nova tecnologia 
229,Cinco amigos tiram a mesma foto a cada cinco anos desde 1982 
230,V√≠rus Petya √© mais perigoso e mais sofisticado que WannaCry 
231,Agora √© oficial: voc√™ poder√° apagar as mensagens enviadas pelo WhatsApp 
232,Como saber se um rob√¥ vai roubar seu trabalho 
233,Tire o celular das crian√ßas 
234,"Smartphone, uma arma de distra√ß√£o em massa "
235,Vai sair de f√©rias? Dicas do melhor momento para reservar voos e hot√©is 
236,Como navegar pela rede sem deixar rastro 
237,Google cria campus em S√£o Paulo para estimular start-ups latinas 
238,Assim ser√° o iPhone da mudan√ßa 
239,De Calais a Dover num ‚Äòcarro voador‚Äô sobre o Canal da Mancha 
240,"Se voc√™ tem um destes celulares, diga adeus ao WhatsApp "
241,Os cart√µes de embarque ser√£o hist√≥ria: bastar√° o reconhecimento facial 
242,Apple apresenta iOS 11 e novo iMac Pro 
243,Como organizar os √≠cones do celular para economizar tempo 
244,Dentro do lugar mais silencioso do mundo 
245,Maior avi√£o do mundo sai √† pista 
246,Realidade aumentada: a tecnologia que matar√° seu ‚Äòsmartphone‚Äô 
247,Boatos em busca de retu√≠tes: a outra face das redes ap√≥s os atentados 
248,Instagram √© a pior rede para a sa√∫de mental dos adolescentes 
249,O problema que os programadores n√£o conseguiram resolver em 45 anos 
250,Google Lens reconhecer√° qualquer coisa ao se apontar o celular 
251,"Assim √© o OPPO R9s, o celular da China que desafia o iPhone "
252,Ataque do WannaCry foi equivalente a roubo de m√≠sseis Tomahawk dos EUA 
253,O que fazer se seu sistema for afetado pelo v√≠rus do ‚Äòransomware‚Äô 
254,Cinco motivos pelos quais o WhatsApp pode bloquear sua conta 
255,Especialista em efeitos especiais cria uma superprodu√ß√£o para vender pr√≥prio carro 
256,Facebook planeja estreia de 20 programas para lan√ßar sua pr√≥pria televis√£o 
257,Truque na calculadora do iPhone enlouquece a Internet 
258,"Seus dados s√£o vendidos por 7,5 centavos de d√≥lar "
259,Facebook contratar√° 3.000 pessoas para frear conte√∫do violento 
260,Queda no servi√ßo deixa milh√µes sem Whatsapp durante mais de duas horas 
261,WhatsApp destacar√° suas conversas favoritas 
262,Testamos o Samsung Galaxy S8+ 
263,Bridgestone apresenta uma bicicleta sem ar nas rodas 
264,Uber prepara-se para lan√ßar o carro voador em 2020 
265,Aplicativo FaceApp ‚Äòbranqueia‚Äô os usu√°rios para torn√°-los ‚Äúmais sexy‚Äù 
266,O fiasco da m√°quina de sucos do Vale do Sil√≠cio 
267,T√°xis do Google sem motorista come√ßam a prestar servi√ßo no Arizona 
268,Facebook vai priorizar o Messenger 
269,O misterioso ‚Äòtom vermelho‚Äô das telas dos Samsung Galaxy S8 
270,Facebook passa da realidade virtual √† realidade aumentada 
271,Assassinato em Cleveland: Facebook admite ser incapaz de administrar a viol√™ncia 
272,Tamagotchi est√° de volta 
273,Milhares de telefones Android est√£o desprotegidos devido a ‚Äòbug‚Äô que permite acesso remoto via WiFi 
274,Facebook lan√ßa sistema para detectar not√≠cias falsas 
275,Carro bate-bate de 1960 bate o recorde e se torna o mais veloz do mundo 
276,Bill Gates se une ao cerco contra o capitalismo dos rob√¥s 
277,Google busca um m√©todo de proteger as elei√ß√µes de fraudes tecnol√≥gicas 
278,Android j√° √© o sistema operacional mais usado do mundo 
279,"Chu Ming Silveira, a inventora do orelh√£o "
280,Twitter deixa de contar as men√ß√µes nos 140 carateres 
281,Homem que hackeou e-mail da ex-mulher √© condenado a dois anos e meio de pris√£o 
282,Cinco ‚Äòapps‚Äô que tornaram bilion√°rios os seus criadores 
283,Samsung Galaxy S8: tela curva enorme e promessa de superar fiasco do Note 7 
284,"Como √© o Android O, a nova vers√£o do sistema operacional ‚Äòcelular‚Äô do Google "
285,Nova vers√£o beta do WhatsApp d√° dois minutos para usu√°rio se arrepender de mensagem enviada 
286,"Novos ‚Äòemojis‚Äô: a pequena sereia, uma mulher dando de mamar e um zumbi "
287,Sem√°foros inteligentes para ciclistas s√£o grande sucesso em Roterd√£ 
288,A ferramenta que permite saber quando e onde acontecer√° um crime 
289,Apple lan√ßa iPhone 7 vermelho e renova iPad mais barato 
290,Como carregar corretamente a bateria do celular: mitos e lendas 
291,Assim funciona o ‚Äòshazam da arte‚Äô 
292,"Lotta Macedo de Soares, a paisagista autodidata que embelezou o Flamengo "
293,Algoritmo permite saber que aspecto voc√™ ter√° aos 60 anos 
294,Os aplicativos mais caros do mundo 
295,WhatsApp inicia os primeiros testes para incluir an√∫ncios 
296,Os inesperados ‚Äòperigos‚Äô do Status do WhatsApp 
297,YouTube oferecer√° televis√£o online por uma assinatura mensal 
298,Nokia 3310: por que um celular de 160 reais pode ser uma ideia genial? 
299,Fran√ßa abre o debate sobre o direito de desligar o celular depois do trabalho 
300,Metade dos jovens quebra o vidro do smartphone no primeiro ano 
301,Apple Park ser√° inaugurada em abril 
302,"WhatsApp lan√ßa Status, recurso inspirado no Snapchat (e outras mudan√ßas) "
303,Testes de DNA a 120 d√≥lares no Silicon Valley para saber como sou 
304,Como transformar a sua televis√£o de tubo em uma ‚Äòsmart TV‚Äô 
305,WhatsApp anuncia v√≠deos curtos no perfil e se aproxima do Snapchat 
306,Facebook volta a copiar Snapchat para ser a sua TV 
307,WhatsApp planeja incorporar v√≠deos ao perfil dos usu√°rios 
308,"Nokia 3310, o celular ‚Äòindestrut√≠vel‚Äô, est√° de volta "
309,Assim ser√° a televis√£o da Apple 
310,A Apple vai aumentar o pre√ßo do iPhone? 
311,Verifica√ß√£o em dois passos chega ao WhatsApp ‚Äì e voc√™ deveria ativ√°-la j√° 
312,"Android Wear 2.0, no encal√ßo do Apple Watch "
313,Chegam os drones descart√°veis 
314,"T√∫neis, a √∫ltima loucura do Silicon Valley para remediar o tr√°fego "
315,Mark Zuckerberg: ‚ÄúExiste uma divis√£o nos EUA como n√£o se via h√° muito tempo‚Äù 
316,O Facebook quer entrar na sua TV 
317,"Os dez ‚Äòapps‚Äô que mais consomem bateria, dados e mem√≥ria "
318,11 truques de organiza√ß√£o no WhatsApp para tornar sua vida (um pouco) mais f√°cil 
319,Seus selfies mostrando os dedos podem ser um problema de seguran√ßa 
320,"Conectar-se ao wifi pode ser um desafio desesperador, mas tem jeito "
321,"Carros el√©tricos e aut√¥nomos, a mudan√ßa chega sobre rodas "
322,Este √© o Galaxy S8: o ‚Äòm√≠ssil‚Äô que marca o retorno mais esperado da Samsung 
323,Facebook contrata o brasileiro Hugo Barra para cuidar da Oculus 
324,Experimentamos os rob√¥s chineses que podem limpar suas janelas 
325,"Neymoji, um ‚Äòapp‚Äô para expressar suas emo√ß√µes como Neymar "
326,Software calcula expectativa de vida para cardiopatas 
327,WhatsApp agora permite despachar mensagens mesmo sem conex√£o √† Internet 
328,Por que os AirPods est√£o arrasando? 
329,Samsung culpa curto-circuito na bateria por inc√™ndio dos Galaxy Note 7 
330,Precisa retocar uma foto no celular antes de compartilh√°-la? Tente com estes ‚Äòapps‚Äô 
331,O que est√° acontecendo sob a copa das √°rvores da Amaz√¥nia? 
332,"48 atalhos de n√≠vel avan√ßado para o Excel, compilados por uma loja de inform√°tica "
333,"Pilot, o fone de ouvido inteligente que traduz frases (quase) em tempo real "
334,O navegador do futuro j√° est√° aqui e se chama Neon 
335,Descoberto que mensagens do WhatsApp podem ser lidas: veja como evitar isso 
336,"Switch, a nova tentativa da Nintendo de recuperar hegemonia "
337,Facebook aposta no jornalismo de qualidade 
338,Os melhores motores de busca para mergulhar na ‚Äòinternet oculta‚Äô 
339,"Os dez ‚Äògadgets‚Äô mais incr√≠veis da CES, feira de tecnologia em Las Vegas "
340,Em busca da bicicleta perfeita 
341,Ano Novo 2017: Google come√ßa a contagem regressiva 
342,"Crian√ßa compra 250 d√≥lares em jogos usando o dedo da m√£e, que dormia, para desbloquear celular "
343,Sufocado pelo WhatsApp? Um guia r√°pido para resgatar a liberdade 
344,Google passa o feriado de Natal na praia 
345,Google deseja boas festas com um ‚Äòdoodle‚Äô 
346,Os sete aplicativos que causaram furor em 2016 
347,"Te amo, m√°quina "
348,Uber desafia as autoridades e mant√©m seu carro aut√¥nomo 
349,"Snopes, FactCheck e Politifact: os sites que ajudar√£o o Facebook a detectar not√≠cias falsas "
350,Voc√™ usa Evernote? Qualquer funcion√°rio da empresa poder√° ver suas anota√ß√µes 
351,Facebook criar√° uma marca√ß√£o para identificar not√≠cias falsas 
352,"Uber lan√ßa carros sem motorista, mas Calif√≥rnia pede retirada de circula√ß√£o "
353,Estas s√£o as 10 selfies mais buscadas no Google 
354,Yahoo anuncia o roubo de dados de um bilh√£o de contas 
355,"Os termos mais buscados no Google em 2016: Pok√©mon Go, iPhone 7 e Trump "
356,WhatsApp permitir√° apagar mensagens enviadas 
357,Argentina j√° tem seu primeiro c√£o clonado por encomenda 
358,Galaxy S8 deve trazer uma tela que chega aos dois lados 
359,"Spectacles, o objeto mais desejado "
360,10.000 luzes de Natal para dar uma li√ß√£o aos vizinhos homof√≥bicos 
361,Netflix libera conte√∫do offline 
362,Como reconhecer uma not√≠cia falsa antes de compartilh√°-la com seus amigos 
363,O lado obscuro dos celulares baratos chineses 
364,Instagram avisa sobre os prints de tela em novo servi√ßo de mensagens 
365,"Se voc√™ quer pretende feliz, saia do Facebook "
366,Tesla cobre demanda total de eletricidade de uma ilha do Pac√≠fico com energia solar 
367,Grupo de ‚Äòhackers‚Äô ataca caixas eletr√¥nicos para liberar dinheiro 
368,Facebook anuncia um plano com sete pontos para combater not√≠cias falsas na rede 
369,"Zuckerberg: ‚ÄúA √∫nica solu√ß√£o para a desigualdade √© mais conex√£o, n√£o menos‚Äù "
370,Whatsapp √© o servi√ßo de videochamadas que mais consome dados? 
371,Software espi√£o instalado em 700 milh√µes de celulares manda SMS para a China 
372,Facebook e Google declaram guerra aos sites de not√≠cias falsas 
373,Whatsapp ativa a fun√ß√£o de videochamadas 
374,‚ÄúTomara que voc√™ morra!‚Äù Mensagens que fazem da Internet um lugar sinistro 
375,Como mudar o que o Google sabe sobre voc√™ 
376,Onze novas profiss√µes que dar√£o muito que falar 
377,A Microsoft est√° ganhando da Apple na batalha da inova√ß√£o? 
378,Do furor ao encerramento: a fugaz hist√≥ria do Vine 
379,"MacBook Pro, computadores com fun√ß√µes t√°teis "
380,Microsoft redefine o PC com o Surface Studio 
381,"Sunway TaihuLight, o supercomputador mais r√°pido do mundo "
382,Apple encolhe pela primeira vez em 15 anos 
383,Quando comprar a passagem de avi√£o mais barata? Este algoritmo te avisa 
384,A guerra dos rob√¥s se trava na Wikip√©dia 
385,Apple Watch Nike+ ser√° vendido a partir de 28 de outubro 
386,"Entenda como foram os ataques de ‚Äòhackers‚Äô aos sites do Twitter, Spotify ou Ebay "
387,Anistia Internacional alerta sobre a falta de seguran√ßa no Snapchat e Skype 
388,Nintendo Switch: o novo console dom√©stico e port√°til 
389,"Assim √© o Pixel, o ‚Äòmata iPhones‚Äô do Google "
390,N√£o se pode mais voar com um Note 7 
391,Pode um app substituir a p√≠lula como anticoncepcional? 
392,O homem por tr√°s do ‚Äòi‚Äô do iPhone 
393,Samsung para de fabricar o Galaxy Note 7 e pede aos donos que o desliguem 
394,Samsung interrompe a produ√ß√£o do Galaxy Note 7 ap√≥s inc√™ndio de v√°rias baterias 
395,"Wire, a terceira via que quer ser a alternativa ao WhatsApp e Telegram "
396,"Daydream View: a realidade virtual do Google simples, acess√≠vel e m√≥vel "
397,Novo Chromecast do Google permite reproduzir conte√∫do 4K a um pre√ßo acess√≠vel 
398,"Google apresenta Pixel, sua alternativa para competir com o iPhone 7 "
399,Entramos nos laborat√≥rios onde o Facebook constr√≥i o seu futuro 
400,O menino de 12 anos que gastou 100.000 euros no YouTube 
401,Viajando pelo mundo? Conhe√ßa as senhas de wi-fi de todos os aeroportos 
402,WhatsApp consuma sua advert√™ncia: quem n√£o aceitar suas condi√ß√µes vai parar de us√°-lo 
403,√çndia pro√≠be publicidade em buscadores sobre a sele√ß√£o do sexo pr√©-natal 
404,"Google lan√ßa o Allo, um WhatsApp com intelig√™ncia artificial "
405,Obama sai em defesa do carro autoguiado: ‚ÄúPode salvar dezenas de milhares de vidas por ano‚Äù 
406,Apple patenteia sacola de papel 
407,"Adeus, garota de blusa rosa no WhatsApp. Ol√°, garoto de azul "
408,Merece tanto alvoro√ßo o iPhone 7? Oito motivos que demonstram que n√£o 
409,Tr√¢nsito piora nas grandes cidades latino-americanas 
410,"Google lan√ßa o YouTube Player, para editores jornal√≠sticos "
411,Cuidado com o pen drive ‚Äòassassino‚Äô 
412,Testamos o Apple Watch: contraindicado para sedent√°rios 
413,A antena que ir√° revolucionar os celulares 
414,Um aperitivo do ‚ÄòFIFA 2017‚Äô 
415,"Testamos o iPhone 7: a bateria, a c√¢mera e o som est√£o melhores "
416,"iOS 10, a ‚Äòrevolu√ß√£o‚Äô silenciosa no iPhone "
417,A doce ‚Äòdecep√ß√£o‚Äô do iPhone 7 
418,iPhone 7 Plus: a c√¢mera definitiva? 
419,AirPods do iPhone 7: os novos fones de ouvido do desejo 
420,Apple lan√ßa iPhone 7 e um Apple Watch submerg√≠vel 
421,Em dez anos voc√™ ir√° voar no seu carro 
422,Lan√ßamento do iPhone 7: c√¢mera revolucion√°ria e sem ‚Äòjack‚Äô de fone de ouvido 
423,Samsung suspende vendas do Galaxy Note 7 por sobrecarga da bateria 
424,Dropbox admite que 60 milh√µes de contas foram hackeadas: como saber se a sua est√° entre elas 
425,Os absurdos do algoritmo que escolhe as not√≠cias do Facebook 
426,Alternativas para quem n√£o quer continuar no WhatsApp 
427,Como evitar que o Facebook tenha acesso ao n√∫mero de telefone usado no WhatsApp 
428,Come√ßa a circular o primeiro t√°xi sem condutor do mundo 
429,Facebook ter√° acesso ao n√∫mero de telefone dos usu√°rios do WhatsApp 
430,‚ÄòA doen√ßa do toque‚Äô que inutiliza a tela de alguns iPhone 6 
431,Feliz Dia do Internauta 
432,Como as redes sociais mudaram os di√°logos sobre luto e morte 
433,O c√©rebro que est√° por tr√°s do fen√¥meno Pok√©mon Go 
434,Uber se alia √† Volvo para ter uma frota de carros sem motorista 
435,"‚ÄòiBoat‚Äô, o invento p√≥stumo de Steve Jobs que acaba de ser revelado "
436,"Neo, um rob√¥ que d√° aula de idiomas para crian√ßas imigrantes "
437,Arianna Huffington anuncia sua sa√≠da do ‚ÄòThe Huffington Post‚Äô 
438,O valioso ca√ßador de Pok√©mons 
439,‚ÄúEstava pedindo que roubasse tudo‚Äù: se trat√°ssemos as v√≠timas de roubo como as de estupro 
440,Windows 10 ganha atualiza√ß√£o de anivers√°rio 
441,Samsung Galaxy Note 7: usa a √≠ris como senha e funciona no molhado 
442,Nintendo explode o mercado ‚Äúretr√¥‚Äù com o relan√ßamento do cl√°ssico NES 
443,Nova-iorquino de 28 anos √© o primeiro a ‚Äòzerar‚Äô o Pok√©mon Go 
444,CEO do Tinder: ‚ÄúAcabamos com o estigma que tinha usar um aplicativo de encontros‚Äù 
445,‚ÄúEstamos diante do fim das energias f√≥sseis‚Äù 
446,O adeus definitivo ao VHS 
447,WhatsApp tem nova fam√≠lia de letras que o usu√°rio pode mudar 
448,O iPhone 7 ser√° ‚Äòmais do mesmo‚Äô? 
449,"Aqui n√£o se estuda, se faz "
450,Por que os trint√µes ficaram malucos com o Pokemon Go? 
451,Por que essas gatas querem ser minhas amigas no Facebook? 
452,Pok√©mon Go ganha do porn√¥ e do Candy Crush 
453,"Por que os herdeiros do Vale do Sil√≠cio, a meca tecnol√≥gica dos EUA, estudam longe do wi-fi "
454,"‚ÄòPok√©mon GO‚Äô, os motivos que al√ßaram ao fen√¥meno o jogo de realidade aumentada "
455,"Snapchat, acusado de expor crian√ßas a ‚Äúconte√∫do sexual expl√≠cito‚Äù "
456,O garoto que se transformou no melhor piloto de drones do mundo 
457,Suas lembran√ßas do Snapchat deixar√£o de ser ef√™meras 
458,Adeus ao Blackberry com teclado 
459,Alunos trocam o l√°pis pelo ‚Äòjoystick‚Äô 
460,O pai que faz par√≥dias dos selfies de sua filha no Instagram 
461,Carro com piloto autom√°tico faz sua primeira v√≠tima nos EUA 
462,Facebook privilegiar√° amigos e familiares em vez de not√≠cias 
463,O que o Google sabe de voc√™ 
464,Twitter coloca adesivos inteligentes nas fotos 
465,A Coreia superconectada contra a Coreia ‚Äòincomunic√°vel‚Äô 
466,O m√©todo nada tecnol√≥gico que Mark Zuckerberg usa para se proteger dos hackers 
467,O fim dos n√∫meros de telefone 
468,Como ‚Äòturbinar‚Äô o Windows 10 para que fique mais veloz 
469,Facebook prioriza conte√∫do produzido na pr√≥pria plataforma 
470,A Nokia se reinventa 
471,Os ‚Äòsabotadores‚Äô do Waze 
472,As fun√ß√µes mais interessantes do iOS 10 
473,Cuidado com as fotos: o Facebook apagar√° pastas privadas 
474,O Google √© racista? 
475,As outras vantagens do ‚Äòmodo avi√£o‚Äô 
476,WhatsApp deixar√° de funcionar em alguns celulares a partir de 31 de dezembro 
477,Solarin: o celular mais seguro do mundo custa at√© 60.000 reais 
478,√â verdade que as redes sociais nos tornam mais infelizes? 
479,Facebook muda seu m√≥dulo de tend√™ncias depois das cr√≠ticas por censura 
480,China inunda suas redes sociais com quase 490 milh√µes de mensagens falsas por ano 
481,"Daydream, a realidade virtual de qualidade do Google "
482,"Google apresenta Allo, o ‚ÄòWhatsApp‚Äôdo futuro "
483,LinkedIn invalida as senhas de 100 milh√µes de usu√°rios 
484,O que o seu celular revela sobre voc√™ 
485,Um desconhecido pode nos achar no Facebook usando uma foto nossa? 
486,Instagram j√° n√£o √© retr√¥ 
487,"‚ÄúTemos de derrotar o Uber, por nossa liberdade e privacidade‚Äù "
488,Ex-funcion√°rio do Facebook diz que not√≠cias conservadoras eram apagadas 
489,Como ler mensagens de WhatsApp e Messenger sem que fiquem sabendo 
490,‚ÄúEm 2020 j√° n√£o poderemos proteger nossas redes dos ciberataques‚Äù 
491,"IBM cria processador qu√¢ntico, e voc√™ pode test√°-lo "
492,Instagram paga 10.000 d√≥lares a menino por achar um erro em seu sistema 
493,Justi√ßa manda desbloquear servi√ßo do WhatsApp no Brasil 
494,Guia para usar o Telegram e entender o que o diferencia do WhatsApp 
495,Tecnologia e a amea√ßa aos direitos fundamentais da vida em democracia 
496,Um laptop da Apple sem teclado? 
497,Apple recupera uma tonelada de ouro de iPhones e iPads reciclados em 2015 
498,Um Uber s√≥ para mulheres 
499,"Apple lan√ßa novos MacBook: mais processador, autonomia e design "
500,Conhe√ßa o avi√£o que cruzar√° o Atl√¢ntico em quatro horas 
501,O que voc√™ quer dizer com üòÅ? 
502,"Facebook, a rede social que quer ser o motor da Internet "
503,HTC 10: assim ser√° o novo ‚Äòsmartphone‚Äô da HTC 
504,"A m√∫sica mais alegre e a mais triste do mundo, segundo o Spotify "
505,iPhone 7: a ess√™ncia do novo celular que quer mudar tudo 
506,O curioso truque que permite liberar espa√ßo em seu iPhone 
507,Por que a criptografia do WhatsApp √© t√£o importante 
508,WhatsApp ativa a criptografia das mensagens para todos os usu√°rios 
509,"O iPhone SE, um modelo para rec√©m-chegados "
510,"‚ÄúIndignamo-nos com FBI, mas o Facebook sabe tudo sobre n√≥s‚Äù "
511,Brincadeira de 1¬∫ de abril do Google provoca queixa de usu√°rios 
512,"Guia para usar it√°lico, negrito e outras novidades do WhatsApp "
513,Por que algumas pessoas s√£o mais apegadas ao celular do que outras? 
514,"O rob√¥ racista, sexista e xen√≥fobo da Microsoft acaba silenciado "
515,"Apple apresenta seu novo iPhone SE, seu celular mais barato "
516,Twitter: d√©cimo anivers√°rio na encruzilhada 
517,√â mais feio que a m√©dia? H√° um lugar de paquera ideal s√≥ para voc√™ 
518,Twitter √© o primeiro a medir os estragos das grandes cat√°strofes 
519,"Samsung Galaxy S7 edge, o ‚Äòsmartphone‚Äô perfeito? "
520,Dia Internacional da Mulher: por que √© celebrado em 8 de mar√ßo? 
521,EL PA√çS d√° in√≠cio a nova era 
522,Gigantes da tecnologia prestam apoio √† Apple 
523,Carro n√£o tripulado do Google causa primeiro acidente 
524,Apple vender√° este drone em 15 dias 
525,Vice-presidente do Facebook para Am√©rica Latina √© preso pela PF 
526,"Se voc√™ tem estes telefones, n√£o poder√° mais usar o WhatsApp "
527,"Assim √© ver ap√≥s oito anos de cegueira, gra√ßas √† realidade virtual "
528,Nem s√≥ de celulares vive o Mobile 
529,Que tal imprimir uma pizza? 
530,"Jonah Peretti: ‚ÄúNo Facebook, as pessoas te leem no meio das piadas‚Äù "
531,Sites que carregam mais r√°pido em celulares est√£o dispon√≠veis no Google 
532,"Mi5 da Xiaomi, o smartphone que combina alta tecnologia e baixo pre√ßo "
533,Assim funciona o circuito de √°gua dos novos Samsung S7 e S7 edge 
534,A inquietante foto de Zuckerberg que parece filme de fic√ß√£o-cient√≠fica 
535,‚ÄúTer um carro ser√° algo secund√°rio nas grandes cidades‚Äù 
536,Mark Zuckerberg: ‚ÄúTodo mundo merece ter acesso √† Internet‚Äù 
537,"LG G5: Bateria remov√≠vel, duas c√¢meras traseiras e sistema modular "
538,"Galaxy S7: superc√¢mera, submerg√≠vel e super mem√≥ria "
539,"O significado do ‚Äòi‚Äô de iPhone, iPad, iMac e do resto dos produtos Apple "
540,Como ganhar uma discuss√£o na internet 
541,O ‚Äòerro 53‚Äô que destr√≥i o seu iPhone 6 
542,Twitter altera a ordem do tempo 
543,Twitter perde usu√°rios em 2015 
544,Twitter muda a ordem cronol√≥gica das mensagens 
545,Capturar a melhor foto n√£o √© mais coisa s√≥ de profissionais 
546,Twitter cancela 125.000 contas ligadas ao Estado Isl√¢mico 
547,Facebook faz 12 anos e celebra com seus usu√°rios o ‚Äòdia do amigo‚Äô 
548,Sabedoria em grupo 
549,Facebook e Instagram pro√≠bem venda de armas em suas p√°ginas 
550,O ‚Äòboom‚Äô do Brasil que aprende na tela do computador e do celular 
551,Como ficar invis√≠vel no WhatsApp e outros truques ‚Äòn√≠vel especialista‚Äô 
552,Spotify anuncia inclus√£o de canais de televis√£o 
553,WhatsApp quer compartilhar informa√ß√£o com o Facebook 
554,Quem inventou a televis√£o? 
555,O urso panda que est√° se divertindo com a nevasca nos Estados Unidos 
556,"Wilbur Scoville, pai da ‚Äòescala quente‚Äô, homenageado com doodle "
557,Senha mais usada no mundo continua sendo ‚Äò123456‚Äô 
558,Uber prepara sua frota de helic√≥pteros nos Estados Unidos 
559,"N√£o me ligue, mande mensagem "
560,"Facebook, acesso √† Internet para os pobres na √çndia ou lucro com eles? "
561,Presidente da Sony: ‚ÄúVinil e o filme fotogr√°fico ter√£o uma segunda vida‚Äù 
562,Twitter estuda passar de 140 para 10.000 caracteres em 2016 
563,Netflix chega a 131 novos pa√≠ses se transforma em canal global de TV 
564,A ‚Äòtatuagem‚Äô que vigia o cora√ß√£o 
565,Uma conex√£o de Internet 100 vezes mais r√°pida do que o wi-fi 
566,"PT, trag√©dia social, amor e dor: 2015 nas redes sociais do EL PA√çS "
567,Assim ser√° a primeira ponte impressa do mundo 
568,O que foi 2015 para os brasileiros segundo a pesquisa no Google 
569,Doodle deseja Boas Festas aos usu√°rios do Google 
570,"Um tu√≠te, um voto? "
571,Justi√ßa de SP derruba bloqueio e WhatsApp volta a funcionar no pa√≠s 
572,"Assine a newsletter do EL PA√çS Brasil, a semana passada a limpo "
573,"Google homenageia BKS Iyengar, o homem que popularizou a ioga "
574,Como aproveitar ao m√°ximo seu WhatsApp 
575,"Deixei de usar o WhatsApp por um m√™s, e isto √© o que aprendi "
576,Mark Zuckerberg mostra sua filha 
577,Termos de privacidade: voc√™ concordou mesmo com isso? 
578,Por que John Travolta est√° confuso? 
579,"Zuckerberg: de repente, um filantropo "
580,O contra-ataque das c√¢meras 
581,"Col√¥mbia, o laborat√≥rio do Uber na Am√©rica Latina "
582,Como proteger a conex√£o wi-fi dom√©stica do uso de seus vizinhos 
583,Google te deixa escolher entre os dois lados da For√ßa de Star Wars 
584,Cinco ideias para nunca mais ser escravo do celular 
585,Fundador do Waze: ‚ÄúNa Am√©rica Latina n√£o se perdoa o fracasso‚Äù 
586,M√°quinas que veem como humanos 
587,A bateria que carrega em minutos 
588,Anonymous publica um guia para ‚Äòhackear‚Äô o Estado Isl√¢mico 
589,Google j√° pode realizar buscas dentro do Facebook 
590,Anonymous anuncia ataque cibern√©tico contra Estado Isl√¢mico 
591,"A guerra do WhatsApp n√£o √© s√≥ com a Justi√ßa, √© com as operadoras "
592,Portal mostra 11 milh√µes de sobrenomes pelo mundo 
593,"Notify, a aposta do Facebook para entrar na batalha das notifica√ß√µes "
594,Novo iPad que quer acabar com o PC 
595,Ningu√©m mais quer conversar? 
596,"Nesta foto h√° mamilos e mensagem racista, o que censura o Facebook? "
597,"Google rende homenagem a Adolphe Sax, pai do saxofone "
598,Esque√ßa o ‚Äòfav‚Äô: o Twitter troca a estrela pelo cora√ß√£o 
599,Amazon abre sua primeira livraria 
600,‚ÄúSeus filhos v√£o te encontrar no Facebook mesmo depois de morto‚Äù 
601,Vida virtual ap√≥s a morte 
602,O novo celular de cer√¢mica que quer conquistar o p√∫blico comum 
603,Facebook eliminar√° a caixa de mensagens que voc√™ nunca l√™ ou v√™ 
604,Consumidores processam Apple por consumir suas tarifas de dados 
605,Quem s√£o e o que querem os que negam a Internet e a tecnologia? 
606,Quer uma Internet mais r√°pida? Experimente fazer isso 
607,‚ÄúMaior parte da informa√ß√£o n√£o √© publicada; fica na mente‚Äù 
608,Fundador do Airbnb: ‚ÄúResolvemos um problema dos Jogos do Rio‚Äù 
609,‚ÄúA TV ser√° substitu√≠da pela internet assim como o celular fez com o fixo‚Äù 
610,Batalha de rel√≥gios: Apple Watch contra Pebble Time 
611,A tiran√≠a da imagem 
612,Por que esse an√∫ncio da Internet n√£o para de me perseguir? 
613,Facebook j√° permite evitar as m√°s lembran√ßas em ‚ÄúUm dia como hoje‚Äù 
614,Google comemora o dia das crian√ßas no Brasil com um ‚Äòdoodle‚Äô especial 
615,"Novos bot√µes para rir, chorar ou ficar bravo chegam ao Facebook "
616,Microsoft apresenta seu primeiro ‚Äòlaptop‚Äô para competir com a Apple 
617,A imprensa digital se reinventa com um formato universal e aberto 
618,Wozniak: ‚ÄúN√£o criamos a Apple na garagem. √â uma hist√≥ria inventada‚Äù 
619,"Twitter lan√ßa ‚ÄòMomentos‚Äô, uma aba para destacar conte√∫do "
620,Austr√°lia busca solu√ß√£o r√°pida para frear ataques de tubar√µes 
621,"Tesla Model X, um carro com asas "
622,YouTube permitir√° compras ‚Äòon-line‚Äô atrav√©s dos v√≠deos 
623,Um medidor inteligente para poupar √°gua durante a crise h√≠drica 
624,"Khalo, o cachorro que o Google confundiu com um cavalo "
625,"O que est√° acontecendo, Facebook? "
626,Facebook sofre queda pela segunda vez em uma semana 
627,Oculus quer levar a realidade virtual para as massas 
628,‚ÄòThe Washington Post‚Äô publicar√° todas as mat√©rias no Facebook 
629,Office 2016: na nuvem 
630,Vale do Sil√≠cio come√ßa a falar mais portugu√™s e espanhol 
631,"Os celulares, alvos dos v√≠rus "
632,Os dispositivos da Apple sofrem o maior ciberataque de sua hist√≥ria 
633,Facebook e Instagram lan√ßam servi√ßo para ca√ßar tend√™ncias 
634,Atualizo meu iPhone para o iOS 9? 
635,O incr√≠vel neg√≥cio das bonecas sexuais hiper-realistas 
636,Emmy √© dado pela primeira vez a um filme de realidade virtual 
637,Bot√£o ‚Äún√£o curti‚Äù no Facebook n√£o vai ser como voc√™ imagina 
638,Facebook incluir√° bot√£o ‚Äún√£o curti‚Äù 
639,Super Mario Bros completa 30 anos 
640,Tenha um famoso no seu WhatsApp 
641,Quais s√£o os avan√ßos nos novos aparelhos da Apple? 
642,Novo iPhone 6S entra na terceira dimens√£o 
643,Apple lan√ßa um iPad gigante e reinventa a Apple TV 
644,Wikipedia expulsa centenas de editores por cobrarem de empresas 
645,Google e Facebook fazem homenagens pelo 7 de Setembro 
646,Sony desafia o novo iPhone 
647,Instagram j√° n√£o √© quadrado 
648,Professor com 26 milh√µes de alunos 
649,Spotify se desculpa por mudan√ßas em sua pol√≠tica de privacidade 
650,"Os telefones celulares, tal como os conhecemos hoje, v√£o desaparecer "
651,"S√£o Paulo √© a cidade mais infiel do mundo, segundo Ashley Madison "
652,WhatsApp ativa para iPhone servi√ßo de mensagem no computador 
653,Publicados os dados de milh√µes de usu√°rios infi√©is do Ashley Madison 
654,A rainha das telas de vidro 
655,"O novo Android, com ‚ÄúM‚Äù "
656,As promessas vazias do Google 
657,"Na era do ‚Äòselfie radical‚Äô, veja nove dicas para evitar morrer pela foto "
658,Quantas pessoas fazem anivers√°rio no mesmo dia que voc√™? 
659,Apple prepara seu pr√≥prio carro sem motorista e busca onde test√°-lo 
660,O desejo de desconectar 
661,Samsung se antecipa √† Apple com novos Galaxy S6 Edge Plus e Note 5 
662,Google quer voltar a ser uma startup 
663,Tecnologia para fotografar a chuva de meteoros Perseidas nesta ter√ßa 
664,De uma empresa a sete distintas: como o Google passa a ser Alphabet 
665,Google passa a se chamar Alphabet 
666,A executiva que quer mais chefas 
667,"‚ÄúO Periscope mostra o lado B dos eventos, n√£o concorre com a m√≠dia‚Äù "
668,Windows 10: o que h√° de bom e de ruim no novo sistema operacional 
669,"OnePlus ‚ÄòTwo‚Äô, o novo smartphone que amea√ßa a Apple e a Samsung "
670,Novo sistema permite carregar baterias por meio do Wi-Fi 
671,Roubados e divulgados os dados privados de um site para infi√©is 
672,Como bater papo pelo mundo sem gastar em ‚Äòroaming‚Äô 
673,"Quando ele j√° parecia ‚Äòmorto‚Äô, Apple lan√ßa o novo iPod Touch "
674,"‚ÄòHackear‚Äô p√°gina do Facebook pode custar 315 reais; bloqueio de site, 52 "
675,"Morre o presidente da Nintendo, Satoru Iwata, aos 55 anos "
676,"O terror nazista, revivido em 3D "
677,Gigantes da tecnologia investem em aplicativos para leitura de not√≠cias 
678,A nova era da computa√ß√£o e seus primeiros movimentos no Brasil 
679,Nove dicas para escolher entre o Windows 10 e o Mac OS X Capit√°n 
680,"Se voc√™ adotou foto com arco-√≠ris no Facebook, isso te interessa "
681,Criador do carro do Google promete futuro sem motoristas 
682,"Apple Watch, mais que notifica√ß√µes "
683,Gmail permite o usu√°rio voltar atr√°s e cancelar envio de emails 
684,Viciados em celular 
685,Revolu√ß√£o na arquitetura chinesa: erguer um arranha-c√©u em 19 dias 
686,"Tend√™ncias do mercado de games, em busca do grande p√∫blico "
687,26 bilh√µes de janelas abertas ao crime cibern√©tico 
688,O que vai mudar com as redes 5G? 
689,O ocaso dos 140 carateres 
690,Futuro sem motorista 
691,O fim do porn√¥ (como conhecemos) 
692,O que acontece com os nossos dados pessoais na internet? 
693,"Apple Music, uma mistura de rede social com ‚Äòstreaming‚Äô de m√∫sica "
694,Uber: ‚ÄúSomos o transporte do s√©culo XXI‚Äù 
695,Pinterest se transforma em loja 
696,Chris Daniels: ‚ÄúN√£o queremos suplantar ningu√©m‚Äù 
697,Um messias anterior a Jesus 
698,Microsoft lan√ßa vers√£o nova do Windows em 29 de julho 
699,Do cinzel aos √≠ons: assim se escreve a menor B√≠blia da hist√≥ria 
700,Ningu√©m conhece Satoshi Nakamoto 
701,"Project Jacquard, a roupa inteligente do Google "
702,As chaves do Android M 
703,Google passa a destacar mensagens do Twitter nas buscas via celular 
704,"Assim √© a transforma√ß√£o digital do EL PA√çS, na era da tecnologia m√≥vel "
705,Crimes de 140 caracteres 
706,‚ÄúO desafio √© preservar direitos e privacidade diante da tecnologia‚Äù 
707,Internet reage ao plano do Facebook de dar acesso √† web 
708,Pr√≥xima fronteira: a ‚Äònuvem‚Äô 
709,A grande nave do Facebook 
710,"‚ÄòNYT‚Äô, ‚ÄòGuardian‚Äô e BBC come√ßam a publicar diretamente no Facebook "
711,900.000 humanos apertaram esse bot√£o e nenhum sabe por qu√™ 
712,Carro sem motorista do Google j√° sofreu 11 acidentes em seis anos 
713,Usu√°rios fazem de mural do Facebook ‚Äòbolhas‚Äô ideol√≥gicas 
714,"Se beber n√£o dirija, n√£o ligue para ex, nem para o chefe... "
715,Atlas mundial dos ‚Äòemoticons‚Äô mais usados cria e destr√≥i estere√≥tipos 
716,China aumenta censura e instala ‚Äòcanh√£o‚Äô na sua muralha cibern√©tica 
717,Twitter permitir√° passar de 140 caracteres na cita√ß√£o de um tu√≠te 
718,Onde se encontra a intelig√™ncia de uma cidade? 
719,A av√≥ do Vale do Sil√≠cio 
720,"O Vale do Sil√≠cio, uma terra hostil para as mulheres "
721,Relat√≥rio acusa o Facebook de rastrear internautas ilegalmente 
722,Social Street: um link para se aproximar dos vizinhos 
723,A Amazon quer limpar a sua casa 
724,Ajude-nos a multar 
725,A ‚Äòfam√≠lia‚Äô Zuckerberg j√° tem um membro brasileiro 
726,Linchamentos virtuais 
727,"‚ÄúSe voc√™ n√£o paga com dinheiro, paga com aten√ß√£o‚Äù "
728,Deus chama pelo Facebook 
729,‚ÄúFacebook e Google conhecem melhor nossos leitores que n√≥s‚Äù 
730,‚ÄúPrecisamos estar preparados para parar as m√°quinas‚Äù 
731,C√£es-rob√¥ t√™m alma? 
732,Apple entra no mundo do luxo com seu rel√≥gio 
733,Ju√≠zes franceses se declaram competentes para julgar o Facebook 
734,Operadoras planejam lan√ßar chip universal que permitir√° trocas livres 
735,Rumo a uma era digital obscura? 
736,Por que o vestido se tornou viral 
737,EUA garantem neutralidade da web 
738,Uma aldeia chamada Facebook 
739,"Google: poderoso agora, mas n√£o eternamente "
740,Assim cria-se um monstro de 700 quilos e quatro rodas 
741,Conselho sugere vetar ‚Äúdireito ao esquecimento‚Äù para figura p√∫blica 
742,WhatsApp estende seu servi√ßo de mensagens para a web 
743,21 exemplos de que retuitamos qualquer coisa dos famosos 
744,Redes sociais para aprender idiomas 
745,Que ningu√©m leia nossas mensagens 
746,Google traduz conversas no celular em tempo real em 36 idiomas 
747,Ganhar fortunas com o mouse 
748,Como criar uma senha segura 
749,O fim da era das senhas 
750,Instagram alcan√ßa 300 milh√µes de usu√°rios e supera o Twitter 
751,"Ralph Baer, inventor do videogame dom√©stico, morre aos 92 anos "
752,Steve Jobs continua registrando patentes mesmo depois de morto 
753,Ataque de hackers revela sal√°rios de atores de Hollywood 
754,A verdade oculta das ‚Äòempresas de garagem‚Äô do Vale do Sil√≠cio 
755,Uma simples colher reduz o tremor da doen√ßa de Parkinson 
756,Isso √© o que o WhatsApp faz com suas costas 
757,WhatsApp criptografa mensagens 
758,NY aposenta as cabines telef√¥nicas 
759,Como acalmar um beb√™: sabedoria do YouTube para pais desesperados 
760,Twitter: do texto ao v√≠deo 
761,Criador do Candy Crush: ‚ÄúO celular conseguiu fazer todo mundo jogar‚Äù 
762,Facebook quer ser o seu jornal 
763,A internet n√£o dorme... s√≥ nos pa√≠ses pobres 
764,Como os ‚Äòhackers‚Äô protegem seus dados na nuvem 
765,Microsoft aposta pela igualdade salarial entre homens e mulheres 
766,Apple renova seu tablet com outra vers√£o do iPad Air 
767,Facebook e Apple oferecem congelar √≥vulos de funcion√°rias 
768,‚Äú√â compartilhando a cidade que a tornamos mais segura‚Äù 
769,Assim o Rio e o Waze organizaram o tr√¢nsito durante a visita do Papa 
770,"Facebook continua manipulando voc√™, mas agora com mais cuidado "
771,Seis chaves da remodela√ß√£o do portal do EL PA√çS 
772,‚ÄúA rede Ello √© um neg√≥cio‚Äù 
773,"Assim √© o Ello, a rede social na qual voc√™ quer entrar "
774,D√™ adeus ao Orkut 
775,Apple blinda o iPhone 6 contra a espionagem 
776,Hist√≥rias que parecem mentira e s√£o verdade (s√©rio) 
777,Apple corrige erros do iOS 8 
778,A Apple retira a atualiza√ß√£o do sistema operacional iOS 8 
779,A funcionalidade surpresa do iPhone 6 √©... entortar 
780,"Miss√£o: desbancar a Apple.
Recompensa: 7 bilh√µes de reais "
781,Apple n√£o obedecer√° se a justi√ßa pedir dados de usu√°rios 
782,Viciados em Internet 
783,Os criminosos da Rede criam estruturas cada vez mais organizadas 
784,A tecnologia se veste de seda 
785,Cinco milh√µes de senhas do Gmail s√£o divulgadas em um site russo 
786,O celular √© meu treinador 
787,"Secret, entre a liberdade de express√£o e o insulto "
788,A quest√£o pendente do Vale do Sil√≠cio 
789,O Brasil pro√≠be o Secret 
790,O estagi√°rio mais jovem do Facebook 
791,Odiar o Twitter √© mais moderno 
792,Uma ju√≠za veta acordo entre empresas de tecnologia contra roubo de talentos 
793,"Miss√£o: desbancar a Apple.
Recompensa: 7 bilh√µes de reais "
794,Apple n√£o obedecer√° se a justi√ßa pedir dados de usu√°rios 
795,Viciados em Internet 
796,Os criminosos da Rede criam estruturas cada vez mais organizadas 
797,A tecnologia se veste de seda 
798,Cinco milh√µes de senhas do Gmail s√£o divulgadas em um site russo 
799,O celular √© meu treinador 
800,"Secret, entre a liberdade de express√£o e o insulto "
801,A quest√£o pendente do Vale do Sil√≠cio 
802,O Brasil pro√≠be o Secret 
803,O estagi√°rio mais jovem do Facebook 
804,Odiar o Twitter √© mais moderno 
805,Uma ju√≠za veta acordo entre empresas de tecnologia contra roubo de talentos 
806,A China pro√≠be a compra de itens da Apple com dinheiro p√∫blico 
807,Os pequenos milagres do 3D 
808,Fotografias pelos olhos de um drone 
809,O Facebook fica fora do ar por mais de duas horas 
810,A revolu√ß√£o da tecnologia ser√° impressa e em 3D 
811,A Amazon lan√ßa nos EUA uma taxa fixa para livros eletr√¥nicos 
812,Microsoft ap√≥ia o Google no ‚Äòdireito ao esquecimento‚Äô 
813,O Google censura termos negativos para o Brasil 
814,O futuro segundo o Google: mais rob√¥s aut√¥nomos e menos carros 
815,"Miss√£o: desbancar a Apple.
Recompensa: 7 bilh√µes de reais "
816,Apple n√£o obedecer√° se a justi√ßa pedir dados de usu√°rios 
817,Viciados em Internet 
818,Os criminosos da Rede criam estruturas cada vez mais organizadas 
819,A tecnologia se veste de seda 
820,Cinco milh√µes de senhas do Gmail s√£o divulgadas em um site russo 
821,O celular √© meu treinador 
822,"Secret, entre a liberdade de express√£o e o insulto "
823,A quest√£o pendente do Vale do Sil√≠cio 
824,O Brasil pro√≠be o Secret 
825,O estagi√°rio mais jovem do Facebook 
826,Odiar o Twitter √© mais moderno 
827,Uma ju√≠za veta acordo entre empresas de tecnologia contra roubo de talentos 
828,A China pro√≠be a compra de itens da Apple com dinheiro p√∫blico 
829,Os pequenos milagres do 3D 
830,Fotografias pelos olhos de um drone 
831,O Facebook fica fora do ar por mais de duas horas 
832,A revolu√ß√£o da tecnologia ser√° impressa e em 3D 
833,A Amazon lan√ßa nos EUA uma taxa fixa para livros eletr√¥nicos 
834,Microsoft ap√≥ia o Google no ‚Äòdireito ao esquecimento‚Äô 
835,O Google censura termos negativos para o Brasil 
836,O futuro segundo o Google: mais rob√¥s aut√¥nomos e menos carros 
837,"O WhatsApp, uma duvidosa testemunha de acusa√ß√£o "
838,O Google come√ßa a aplicar o ‚Äòdireito ao esquecimento‚Äô 
839,Inova√ß√£o √†s custas de jogar com sentimentos 
840,O Facebook fez experi√™ncias com usu√°rios sem avis√°-los 
841,O Google se concentra no rel√≥gio e na roupa inteligente 
842,Amazon entra na guerra do ‚Äòsmartphone‚Äô 
843,Google compra a Skybox Imaging 
844,"Com direito a doses de humor, a CIA estreia uma conta no Twitter "
845,O que o Google n√£o v√™ 
846,O fundador do WhatsApp ironiza as ‚Äònovidades‚Äô da Apple 
847,A Apple entra no mundo da sa√∫de com HealthKit 
848,O Google disponibiliza o formul√°rio do ‚Äòdireito ao esquecimento‚Äô 
849,O Google vai fabricar autom√≥veis que n√£o precisar√£o de motorista 
850,eBay pede aos seus 128 milh√µes de clientes que mudem suas senhas 
851,A Apple e o Google assinam uma tr√©gua na guerra de patentes de celulares 
852,Os √∫ltimos passos do ‚Äòpapai Samsung‚Äô 
853,O ‚Äòapp‚Äô do Gmail para Android chega a um bilh√£o de downloads 
854,Samsung oferece uma compensa√ß√£o a seus trabalhadores com leucemia 
855,Carta dos gigantes da Internet a favor da neutralidade da Rede 
856,‚ÄúO problema da pirataria come√ßa ao n√£o se encontrar algo na loja‚Äù 
857,O √∫ltimo round entre Apple e Samsung acaba empatado 
858,A Casa Branca alerta sobre os abusos contra a privacidade ‚Äòon-line‚Äô 
859,"Querida, est√£o imprimindo a nossa casa "
860,A Microsoft reconhece uma falha de seguran√ßa no navegador Explorer 
861,Atari enterrou o E.T. no deserto e n√£o avisou 
862,‚Äú√â preciso regras internacionais para o jogo da Internet‚Äù 
863,‚ÄúOs EUA n√£o t√™m mais a supremacia da internet‚Äù 
864,Os EUA querem acabar com o princ√≠pio de ‚Äòneutralidade da rede‚Äô 
865,O Facebook detecta os amigos pr√≥ximos 
866,A febre do ‚Äòwearable‚Äô dura poucos meses 
867,"Weibo, ‚Äòo Twitter chin√™s‚Äô, confunde "
868,"Os ‚Äòsmartphones‚Äô, com sistema antirroubo em 2015 "
869,O Facebook quer ser um banco 
870,Facebook obriga a baixar o Messenger para bater papo 
871,A Blackberry se prop√µe a deixar de fabricar celulares 
872,Uma brecha na seguran√ßa da Rede 
873,Amazon lan√ßa FireTv para competir com a Apple e o Google 
874,O que o Google n√£o v√™ 
875,O fundador do WhatsApp ironiza as ‚Äònovidades‚Äô da Apple 
876,A Apple entra no mundo da sa√∫de com HealthKit 
877,O Google disponibiliza o formul√°rio do ‚Äòdireito ao esquecimento‚Äô 
878,O Google vai fabricar autom√≥veis que n√£o precisar√£o de motorista 
879,eBay pede aos seus 128 milh√µes de clientes que mudem suas senhas 
880,A Apple e o Google assinam uma tr√©gua na guerra de patentes de celulares 
881,Os √∫ltimos passos do ‚Äòpapai Samsung‚Äô 
882,O ‚Äòapp‚Äô do Gmail para Android chega a um bilh√£o de downloads 
883,Samsung oferece uma compensa√ß√£o a seus trabalhadores com leucemia 
884,Carta dos gigantes da Internet a favor da neutralidade da Rede 
885,‚ÄúO problema da pirataria come√ßa ao n√£o se encontrar algo na loja‚Äù 
886,O √∫ltimo round entre Apple e Samsung acaba empatado 
887,A Casa Branca alerta sobre os abusos contra a privacidade ‚Äòon-line‚Äô 
888,"Querida, est√£o imprimindo a nossa casa "
889,A Microsoft reconhece uma falha de seguran√ßa no navegador Explorer 
890,Atari enterrou o E.T. no deserto e n√£o avisou 
891,‚Äú√â preciso regras internacionais para o jogo da Internet‚Äù 
892,‚ÄúOs EUA n√£o t√™m mais a supremacia da internet‚Äù 
893,Os EUA querem acabar com o princ√≠pio de ‚Äòneutralidade da rede‚Äô 
894,O Facebook detecta os amigos pr√≥ximos 
895,A febre do ‚Äòwearable‚Äô dura poucos meses 
896,"Weibo, ‚Äòo Twitter chin√™s‚Äô, confunde "
897,"Os ‚Äòsmartphones‚Äô, com sistema antirroubo em 2015 "
898,O Facebook quer ser um banco 
899,Facebook obriga a baixar o Messenger para bater papo 
900,A Blackberry se prop√µe a deixar de fabricar celulares 
901,Uma brecha na seguran√ßa da Rede 
902,Amazon lan√ßa FireTv para competir com a Apple e o Google 
903,"Tuiteiros, por que v√£o embora? "
904,Facebook compra a Oculus 
905,A justi√ßa turca suspende o bloqueio do Twitter 
906,‚ÄúA Internet vir√° abaixo e viveremos ondas de p√¢nico‚Äù 
907,Doze super ‚Äòapps‚Äô viajantes 
908,"Mikitani: ‚ÄúS√≥ v√£o restar duas moedas, o ouro e a digital‚Äù "
909,Desmontando 10 mitos do Google Glass 
910,Os EUA se disp√µem a renunciar o controle da Internet 
911,Desenvolvedor do ‚ÄòCandy crush‚Äô √© avaliado em 18 bilh√µes de reais 
912,World Wide Web completa 25 anos de exist√™ncia 
913,‚ÄòNewsweek‚Äô afirma ter descoberto o criador do bitcoin 
914,"iPad manda, mas menos "
915,Tecnologia para vestir no Mobile World Congress 
916,Jon Matonis: ‚ÄúO bitcoin sobreviver√°‚Äù 
917,Os cinco aplicativos que voc√™ vai querer ter 
918,"Tesla, o carro el√©trico com conex√£o permanente √† Internet "
919,O Brasil sela um acordo para evitar o roubo de um milh√£o de celulares por ano 
920,"Sikur, seguran√ßa ‚Äòmade in‚Äô Brasil "
921,O principal operador de bitcoin fecha e surpreende os seus usu√°rios 
922,Zuckerberg: ‚ÄúO WhatsApp j√° vale mais do que pagamos‚Äù 
923,O WhatsApp ter√° chamadas de voz 
924,As tend√™ncias do Mobile World Congress 2014 
925,WhatsApp fica fora do ar 
926,Uma m√°quina para ser outro 
927,WhatsApp vale 45 bilh√µes de reais? 
928,A vingan√ßa dos criadores do WhatsApp 
929,As digitais brasileiras da maior rede social do mundo 
930,Facebook compra WhatsApp por 38 bilh√µes de reais 
931,O homem que gravou o risco 
932,A Espanha quer que o Google compense empresas editoriais 
933,"Mike Matas, o jovem por tr√°s do Paper, do Facebook "
934,Os 10 grandes erros de Facebook 
935,A Microsoft encerra a era Bill Gates 
936,"O Google aumenta 17% seu lucro em 2013 para 31,2 bilh√µes de reais "
937,Amazon vende muito e ganha pouqu√≠ssimo 
938,Melamed: ‚ÄúEstamos no mundo de Usain Bolt‚Äù 
939,As principais inova√ß√µes dos 'geeks' brasileiros 
940,Os Steve Jobs brasileiros 
941,"Facebook dispara seu lucro l√≠quido para cerca de 5,5 bilh√µes de reais "
942,"O Facebook perder√° 80% de seu p√∫blico, conclui estudo de Princeton "
943,"N√£o diga au-au, diga ol√° "
944,Apple √© multada por n√£o avisar os pais sobre as compras de crian√ßas 
945,Uma corte federal dos EUA rejeita o princ√≠pio de neutralidade na Internet 
946,"99,99% dos aplicativos n√£o ser√£o rent√°veis at√© 2018 "
947,"Maiores e mais baratos, assim ser√£o os tablets de 2014 "
948,Marissa Mayer revoluciona o Yahoo! 
949,Tecnologia para a sa√∫de 
950,As principais tend√™ncias tecnol√≥gicas de 2014 
951,Apple promete surpresas para 2014 
952,Os aplicativos da Apple ter√£o que ser atualizados em janeiro 
953,Os 19 melhores aplicativos do ano 
954,A IBM lan√ßa cinco previs√µes para cinco anos 
955,Exponha seus tesouros art√≠sticos no gigantesco museu do Google 
956,O Tubby n√£o conseguiu ‚Äòse vingar‚Äô 
957,Os consoles contra-atacam 
958,"Digione, o √∫ltimo fen√¥meno chin√™s "
959,"Os ‚Äòdrones‚Äô de Amazon enfrentam a lei, n√£o a tecnologia "
960,Favela.com 
961,Google come√ßa a oferecer cart√µes de d√©bito 
962,Muito Facebook ‚Äì e pouca concentra√ß√£o? 
963,"‚ÄúN√£o queremos ser rede social, nem site de jogos nem plataforma publicit√°ria‚Äù "
