0,https://brasil.elpais.com/brasil/2019/02/23/tecnologia/1550953521_057163.html
1,https://brasil.elpais.com/brasil/2019/02/21/tecnologia/1550748035_065824.html
2,https://brasil.elpais.com/brasil/2019/02/20/tecnologia/1550649792_385167.html
3,https://brasil.elpais.com/brasil/2019/02/15/tecnologia/1550259530_236450.html
4,https://brasil.elpais.com/brasil/2019/02/12/tecnologia/1549990082_118422.html
5,https://brasil.elpais.com/brasil/2019/02/05/tecnologia/1549363085_597990.html
6,https://brasil.elpais.com/brasil/2019/02/06/tecnologia/1549475079_390845.html
7,https://brasil.elpais.com/brasil/2019/02/06/tecnologia/1549455010_085088.html
8,https://brasil.elpais.com/brasil/2019/02/02/tecnologia/1549135690_778047.html
9,https://brasil.elpais.com/brasil/2019/01/31/tecnologia/1548961654_584973.html
10,https://brasil.elpais.com/brasil/2019/01/21/tecnologia/1548083297_326658.html
11,https://brasil.elpais.com/brasil/2019/01/17/tecnologia/1547741436_545434.html
12,https://brasil.elpais.com/brasil/2019/01/15/tecnologia/1547591980_477626.html
13,https://brasil.elpais.com/brasil/2019/01/12/tecnologia/1547288980_518731.html
14,https://brasil.elpais.com/brasil/2019/01/09/tecnologia/1547046825_627228.html
15,https://brasil.elpais.com/brasil/2019/01/04/tecnologia/1546598296_840105.html
16,https://brasil.elpais.com/brasil/2018/12/27/tecnologia/1545929793_892342.html
17,https://brasil.elpais.com/brasil/2018/12/18/tecnologia/1545147698_980660.html
18,https://brasil.elpais.com/brasil/2018/12/20/tecnologia/1545310293_364264.html
19,https://brasil.elpais.com/brasil/2018/12/21/tecnologia/1545407088_015525.html
20,https://brasil.elpais.com/brasil/2018/12/19/tecnologia/1545233156_581637.html
21,https://brasil.elpais.com/brasil/2018/12/19/tecnologia/1545221673_589059.html
22,https://brasil.elpais.com/brasil/2018/12/14/tecnologia/1544800947_365760.html
23,https://brasil.elpais.com/brasil/2018/12/14/tecnologia/1544803995_355729.html
24,https://brasil.elpais.com/brasil/2018/12/12/tecnologia/1544647677_448625.html
25,https://brasil.elpais.com/brasil/2018/12/05/tecnologia/1544024984_899392.html
26,https://brasil.elpais.com/brasil/2018/11/29/tecnologia/1543505016_151963.html
27,https://brasil.elpais.com/brasil/2018/11/23/tecnologia/1542970848_353132.html
28,https://brasil.elpais.com/brasil/2018/11/12/tecnologia/1542018368_035000.html
29,https://brasil.elpais.com/brasil/2018/11/12/tecnologia/1542038734_872245.html
30,https://brasil.elpais.com/brasil/2018/11/09/tecnologia/1541771036_210342.html
31,https://brasil.elpais.com/brasil/2018/11/12/tecnologia/1542038131_566785.html
32,https://brasil.elpais.com/brasil/2018/11/09/tecnologia/1541765605_369415.html
33,https://brasil.elpais.com/brasil/2018/11/07/tecnologia/1541613572_180890.html
34,https://brasil.elpais.com/brasil/2018/11/05/tecnologia/1541424836_430010.html
35,https://brasil.elpais.com/brasil/2018/11/02/tecnologia/1541176553_498714.html
36,https://brasil.elpais.com/brasil/2018/10/30/tecnologia/1540893930_649241.html
37,https://brasil.elpais.com/brasil/2018/10/25/tecnologia/1540469095_157884.html
38,https://brasil.elpais.com/brasil/2018/10/18/tecnologia/1539899403_489473.html
39,https://brasil.elpais.com/brasil/2018/10/16/tecnologia/1539702580_437926.html
40,https://brasil.elpais.com/brasil/2018/10/12/tecnologia/1539364847_726714.html
41,https://brasil.elpais.com/brasil/2018/10/03/tecnologia/1538596216_048867.html
42,https://brasil.elpais.com/brasil/2018/09/28/tecnologia/1538153776_573711.html
43,https://brasil.elpais.com/brasil/2018/09/27/tecnologia/1538028846_701620.html
44,https://brasil.elpais.com/brasil/2018/09/19/tecnologia/1537385431_090791.html
45,https://brasil.elpais.com/brasil/2018/09/12/tecnologia/1536746549_729774.html
46,https://brasil.elpais.com/brasil/2018/09/13/tecnologia/1536793040_329929.html
47,https://brasil.elpais.com/brasil/2018/09/12/tecnologia/1536762298_675198.html
48,https://brasil.elpais.com/brasil/2018/09/07/tecnologia/1536312179_103003.html
49,https://brasil.elpais.com/brasil/2018/09/05/tecnologia/1536164243_592801.html
50,https://brasil.elpais.com/brasil/2018/09/05/tecnologia/1536149279_373038.html
51,https://brasil.elpais.com/brasil/2018/08/30/tecnologia/1535619288_542142.html
52,https://brasil.elpais.com/brasil/2018/08/31/tecnologia/1535729240_470782.html
53,https://brasil.elpais.com/brasil/2018/08/28/tecnologia/1535463505_331615.html
54,https://brasil.elpais.com/brasil/2018/08/22/tecnologia/1534899665_089400.html
55,https://brasil.elpais.com/brasil/2018/08/20/tecnologia/1534765145_147411.html
56,https://brasil.elpais.com/brasil/2018/08/07/tecnologia/1533637654_599392.html
57,https://brasil.elpais.com/brasil/2018/08/07/tecnologia/1533664021_662128.html
58,https://brasil.elpais.com/brasil/2018/08/13/tecnologia/1534185561_229182.html
59,https://brasil.elpais.com/brasil/2018/07/26/tecnologia/1532614407_402741.html
60,https://brasil.elpais.com/brasil/2018/08/07/tecnologia/1533649374_513508.html
61,https://brasil.elpais.com/brasil/2018/07/25/tecnologia/1532553655_720596.html
62,https://brasil.elpais.com/brasil/2018/08/01/tecnologia/1533144681_843960.html
63,https://brasil.elpais.com/brasil/2018/08/03/tecnologia/1533306768_645786.html
64,https://brasil.elpais.com/brasil/2018/07/30/tecnologia/1532948227_667966.html
65,https://brasil.elpais.com/brasil/2018/07/12/tecnologia/1531404700_934756.html
66,https://brasil.elpais.com/brasil/2018/07/19/tecnologia/1532018941_932426.html
67,https://brasil.elpais.com/brasil/2018/07/20/tecnologia/1532071748_565767.html
68,https://brasil.elpais.com/brasil/2018/07/16/tecnologia/1531749012_092196.html
69,https://brasil.elpais.com/brasil/2018/07/06/tecnologia/1530871736_133106.html
70,https://brasil.elpais.com/brasil/2018/06/14/tecnologia/1528970968_169921.html
71,https://brasil.elpais.com/brasil/2018/05/29/tecnologia/1527607959_693554.html
72,https://brasil.elpais.com/brasil/2018/06/04/tecnologia/1528136415_824349.html
73,https://brasil.elpais.com/brasil/2018/06/04/tecnologia/1528102021_796611.html
74,https://brasil.elpais.com/brasil/2018/06/01/tecnologia/1527859802_826230.html
75,https://brasil.elpais.com/brasil/2018/05/28/tecnologia/1527511542_736752.html
76,https://brasil.elpais.com/brasil/2018/05/25/tecnologia/1527233866_277380.html
77,https://brasil.elpais.com/brasil/2018/05/24/tecnologia/1527154323_038822.html
78,https://brasil.elpais.com/brasil/2018/05/23/tecnologia/1527071305_005314.html
79,https://brasil.elpais.com/brasil/2018/05/22/tecnologia/1527008807_056856.html
80,https://brasil.elpais.com/brasil/2018/05/10/tecnologia/1525952727_540806.html
81,https://brasil.elpais.com/brasil/2018/05/08/tecnologia/1525793915_194755.html
82,https://brasil.elpais.com/brasil/2018/05/04/tecnologia/1525422138_239714.html
83,https://brasil.elpais.com/brasil/2018/04/24/tecnologia/1524562104_998276.html
84,https://brasil.elpais.com/brasil/2018/05/04/tecnologia/1525408459_168336.html
85,https://brasil.elpais.com/brasil/2018/05/03/tecnologia/1525378983_265406.html
86,https://brasil.elpais.com/brasil/2018/05/01/tecnologia/1525191286_417590.html
87,https://brasil.elpais.com/brasil/2018/04/27/tecnologia/1524832183_460349.html
88,https://brasil.elpais.com/brasil/2018/04/24/tecnologia/1524577831_486816.html
89,https://brasil.elpais.com/brasil/2018/04/12/tecnologia/1523543626_041142.html
90,https://brasil.elpais.com/brasil/2018/04/12/tecnologia/1523546166_758362.html
91,https://brasil.elpais.com/brasil/2018/04/13/tecnologia/1523575337_496030.html
92,https://brasil.elpais.com/brasil/2018/04/16/tecnologia/1523911354_957278.html
93,https://brasil.elpais.com/brasil/2018/04/10/tecnologia/1523373306_036349.html
94,https://brasil.elpais.com/brasil/2018/04/10/tecnologia/1523366935_704634.html
95,https://brasil.elpais.com/brasil/2018/04/06/tecnologia/1523047970_882290.html
96,https://brasil.elpais.com/brasil/2018/04/04/tecnologia/1522874235_618558.html
97,https://brasil.elpais.com/brasil/2018/04/02/tecnologia/1522697464_115554.html
98,https://brasil.elpais.com/brasil/2018/03/31/tecnologia/1522488697_843295.html
99,https://brasil.elpais.com/brasil/2018/03/30/tecnologia/1522424604_741609.html
100,https://brasil.elpais.com/brasil/2018/03/27/tecnologia/1522143018_738147.html
101,https://brasil.elpais.com/brasil/2018/03/20/tecnologia/1521567833_154070.html
102,https://brasil.elpais.com/brasil/2018/03/20/tecnologia/1521582374_496225.html
103,https://brasil.elpais.com/brasil/2018/03/18/tecnologia/1521391744_498617.html
104,https://brasil.elpais.com/brasil/2018/03/19/tecnologia/1521467390_133465.html
105,https://brasil.elpais.com/brasil/2018/03/19/tecnologia/1521479089_032894.html
106,https://brasil.elpais.com/brasil/2018/03/16/tecnologia/1521204836_317670.html
107,https://brasil.elpais.com/brasil/2018/03/09/tecnologia/1520618315_783911.html
108,https://brasil.elpais.com/brasil/2018/03/02/tecnologia/1519982738_951932.html
109,https://brasil.elpais.com/brasil/2018/02/27/tecnologia/1519722084_881602.html
110,https://brasil.elpais.com/brasil/2018/02/23/tecnologia/1519393770_623687.html
111,https://brasil.elpais.com/brasil/2018/02/25/tecnologia/1519550380_154692.html
112,https://brasil.elpais.com/brasil/2018/02/16/tecnologia/1518803440_033920.html
113,https://brasil.elpais.com/brasil/2018/02/08/tecnologia/1518100868_407447.html
114,https://brasil.elpais.com/brasil/2018/02/08/tecnologia/1518109234_363017.html
115,https://brasil.elpais.com/brasil/2018/02/08/tecnologia/1518086678_221261.html
116,https://brasil.elpais.com/brasil/2018/02/02/tecnologia/1517591256_241404.html
117,https://brasil.elpais.com/brasil/2018/02/07/tecnologia/1517990159_141514.html
118,https://brasil.elpais.com/brasil/2018/02/04/tecnologia/1517742236_706291.html
119,https://brasil.elpais.com/brasil/2018/01/29/tecnologia/1517201426_014113.html
120,https://brasil.elpais.com/brasil/2018/01/25/tecnologia/1516858531_415491.html
121,https://brasil.elpais.com/brasil/2018/01/23/tecnologia/1516666969_215422.html
122,https://brasil.elpais.com/brasil/2018/01/22/tecnologia/1516601138_966659.html
123,https://brasil.elpais.com/brasil/2018/01/09/tecnologia/1515501343_897911.html
124,https://brasil.elpais.com/brasil/2018/01/05/tecnologia/1515152611_781541.html
125,https://brasil.elpais.com/brasil/2018/01/11/tecnologia/1515669558_815253.html
126,https://brasil.elpais.com/brasil/2018/01/14/tecnologia/1515955554_803955.html
127,https://brasil.elpais.com/brasil/2018/01/12/tecnologia/1515730941_876050.html
128,https://brasil.elpais.com/brasil/2018/01/11/tecnologia/1515687235_967757.html
129,https://brasil.elpais.com/brasil/2018/01/08/tecnologia/1515443837_348519.html
130,https://brasil.elpais.com/brasil/2018/01/09/tecnologia/1515483148_221511.html
131,https://brasil.elpais.com/brasil/2018/01/02/tecnologia/1514868197_810486.html
132,https://brasil.elpais.com/brasil/2018/01/05/tecnologia/1515156123_044505.html
133,https://brasil.elpais.com/brasil/2018/01/03/tecnologia/1514995740_506369.html
134,https://brasil.elpais.com/brasil/2017/12/29/tecnologia/1514505992_287703.html
135,https://brasil.elpais.com/brasil/2017/12/27/tecnologia/1514397739_215127.html
136,https://brasil.elpais.com/brasil/2017/12/19/tecnologia/1513723734_792505.html
137,https://brasil.elpais.com/brasil/2017/12/13/tecnologia/1513161902_661184.html
138,https://brasil.elpais.com/brasil/2017/12/13/tecnologia/1513160748_220956.html
139,https://brasil.elpais.com/brasil/2017/12/07/tecnologia/1512661597_715992.html
140,https://brasil.elpais.com/brasil/2017/12/12/tecnologia/1513075489_563661.html
141,https://brasil.elpais.com/brasil/2017/11/28/tecnologia/1511866764_933798.html
142,https://brasil.elpais.com/brasil/2017/12/05/tecnologia/1512475978_439857.html
143,https://brasil.elpais.com/brasil/2017/12/04/tecnologia/1512363506_647163.html
144,https://brasil.elpais.com/brasil/2017/12/08/tecnologia/1512753235_185478.html
145,https://brasil.elpais.com/brasil/2017/12/05/tecnologia/1512483985_320115.html
146,https://brasil.elpais.com/brasil/2017/12/04/tecnologia/1512373927_807732.html
147,https://brasil.elpais.com/brasil/2017/11/29/tecnologia/1511947607_987245.html
148,https://brasil.elpais.com/brasil/2017/11/22/tecnologia/1511352685_648584.html
149,https://brasil.elpais.com/brasil/2017/11/21/tecnologia/1511287550_489558.html
150,https://brasil.elpais.com/brasil/2017/11/14/tecnologia/1510661373_118000.html
151,https://brasil.elpais.com/brasil/2017/11/17/tecnologia/1510918223_158831.html
152,https://brasil.elpais.com/brasil/2017/11/13/tecnologia/1510527764_433049.html
153,https://brasil.elpais.com/brasil/2017/11/14/tecnologia/1510614019_647732.html
154,https://brasil.elpais.com/brasil/2017/11/10/tecnologia/1510331274_129355.html
155,https://brasil.elpais.com/brasil/2017/11/03/tecnologia/1509732498_462446.html
156,https://brasil.elpais.com/brasil/2017/11/08/tecnologia/1510129513_953715.html
157,https://brasil.elpais.com/brasil/2017/10/31/tecnologia/1509436306_020853.html
158,https://brasil.elpais.com/brasil/2017/10/27/tecnologia/1509112000_536792.html
159,https://brasil.elpais.com/brasil/2017/10/26/tecnologia/1509005648_380074.html
160,https://brasil.elpais.com/brasil/2017/10/19/tecnologia/1508426945_013246.html
161,https://brasil.elpais.com/brasil/2017/10/25/tecnologia/1508902274_046678.html
162,https://brasil.elpais.com/brasil/2017/10/24/tecnologia/1508836176_558828.html
163,https://brasil.elpais.com/brasil/2017/10/19/tecnologia/1508424483_011485.html
164,https://brasil.elpais.com/brasil/2017/10/20/tecnologia/1508463412_346432.html
165,https://brasil.elpais.com/brasil/2017/10/20/tecnologia/1508510081_732406.html
166,https://brasil.elpais.com/brasil/2017/10/17/tecnologia/1508235763_015093.html
167,https://brasil.elpais.com/brasil/2017/10/18/tecnologia/1508339876_501086.html
168,https://brasil.elpais.com/brasil/2017/10/17/tecnologia/1508233749_253371.html
169,https://brasil.elpais.com/brasil/2017/10/17/tecnologia/1508250044_883967.html
170,https://brasil.elpais.com/brasil/2017/10/16/tecnologia/1508173816_452203.html
171,https://brasil.elpais.com/brasil/2017/10/16/tecnologia/1508155136_770904.html
172,https://brasil.elpais.com/brasil/2017/10/13/tecnologia/1507894455_001314.html
173,https://brasil.elpais.com/brasil/2017/10/12/tecnologia/1507807740_537042.html
174,https://brasil.elpais.com/brasil/2017/10/10/tecnologia/1507625695_487850.html
175,https://brasil.elpais.com/brasil/2017/10/11/tecnologia/1507738923_953938.html
176,https://brasil.elpais.com/brasil/2017/09/29/tecnologia/1506683537_908860.html
177,https://brasil.elpais.com/brasil/2017/10/04/tecnologia/1507136792_159655.html
178,https://brasil.elpais.com/brasil/2017/10/03/tecnologia/1506996038_745281.html
179,https://brasil.elpais.com/brasil/2017/09/30/tecnologia/1506729607_864291.html
180,https://brasil.elpais.com/brasil/2017/09/29/tecnologia/1506681006_767084.html
181,https://brasil.elpais.com/brasil/2017/09/27/tecnologia/1506463291_995816.html
182,https://brasil.elpais.com/brasil/2017/09/26/tecnologia/1506399545_718901.html
183,https://brasil.elpais.com/brasil/2017/09/13/tecnologia/1505332266_075532.html
184,https://brasil.elpais.com/brasil/2017/09/21/tecnologia/1505982466_956825.html
185,https://brasil.elpais.com/brasil/2017/09/13/tecnologia/1505297770_876436.html
186,https://brasil.elpais.com/brasil/2017/09/12/tecnologia/1505212379_219935.html
187,https://brasil.elpais.com/brasil/2017/09/12/tecnologia/1505234085_421624.html
188,https://brasil.elpais.com/brasil/2017/09/11/tecnologia/1505127193_080267.html
189,https://brasil.elpais.com/brasil/2017/09/11/tecnologia/1505120569_465734.html
190,https://brasil.elpais.com/brasil/2017/09/05/tecnologia/1504632657_445116.html
191,https://brasil.elpais.com/brasil/2017/09/07/tecnologia/1504770880_030206.html
192,https://brasil.elpais.com/brasil/2017/09/05/tecnologia/1504627799_633392.html
193,https://brasil.elpais.com/brasil/2017/08/30/tecnologia/1504078123_428273.html
194,https://brasil.elpais.com/brasil/2017/08/23/tecnologia/1503483935_042542.html
195,https://brasil.elpais.com/brasil/2017/08/25/tecnologia/1503682398_611930.html
196,https://brasil.elpais.com/brasil/2017/08/21/tecnologia/1503310591_969485.html
197,https://brasil.elpais.com/brasil/2017/08/23/tecnologia/1503481733_684731.html
198,https://brasil.elpais.com/brasil/2017/08/21/tecnologia/1503333000_101359.html
199,https://brasil.elpais.com/brasil/2017/07/18/tecnologia/1500399694_863291.html
200,https://brasil.elpais.com/brasil/2017/08/19/tecnologia/1503139023_302525.html
201,https://brasil.elpais.com/brasil/2017/08/17/tecnologia/1502956117_993070.html
202,https://brasil.elpais.com/brasil/2017/08/20/tecnologia/1503231192_054128.html
203,https://brasil.elpais.com/brasil/2017/08/13/tecnologia/1502578288_835104.html
204,https://brasil.elpais.com/brasil/2017/08/11/tecnologia/1502448421_333563.html
205,https://brasil.elpais.com/brasil/2017/08/01/tecnologia/1501607789_463463.html
206,https://brasil.elpais.com/brasil/2017/08/09/tecnologia/1502272604_299160.html
207,https://brasil.elpais.com/brasil/2017/08/08/tecnologia/1502216186_647020.html
208,https://brasil.elpais.com/brasil/2017/08/08/tecnologia/1502160185_676231.html
209,https://brasil.elpais.com/brasil/2017/08/07/tecnologia/1502141548_309521.html
210,https://brasil.elpais.com/brasil/2017/08/02/tecnologia/1501670552_288714.html
211,https://brasil.elpais.com/brasil/2017/08/06/tecnologia/1502006187_214063.html
212,https://brasil.elpais.com/brasil/2017/08/02/tecnologia/1501658806_683191.html
213,https://brasil.elpais.com/brasil/2017/08/01/tecnologia/1501571261_747806.html
214,https://brasil.elpais.com/brasil/2017/07/26/tecnologia/1501047333_849632.html
215,https://brasil.elpais.com/brasil/2017/07/26/tecnologia/1501086549_023562.html
216,https://brasil.elpais.com/brasil/2017/07/25/tecnologia/1500960018_140521.html
217,https://brasil.elpais.com/brasil/2017/07/20/tecnologia/1500573596_105610.html
218,https://brasil.elpais.com/brasil/2017/07/20/tecnologia/1500545418_427030.html
219,https://brasil.elpais.com/brasil/2017/07/17/tecnologia/1500289809_008679.html
220,https://brasil.elpais.com/brasil/2017/07/13/tecnologia/1499928198_952249.html
221,https://brasil.elpais.com/brasil/2017/07/11/tecnologia/1499793474_668721.html
222,https://brasil.elpais.com/brasil/2017/06/28/tecnologia/1498660205_495993.html
223,https://brasil.elpais.com/brasil/2017/06/30/tecnologia/1498811942_279122.html
224,https://brasil.elpais.com/brasil/2017/07/04/tecnologia/1499196670_928778.html
225,https://brasil.elpais.com/brasil/2017/07/04/tecnologia/1499154517_578080.html
226,https://brasil.elpais.com/brasil/2017/06/30/tecnologia/1498797340_490111.html
227,https://brasil.elpais.com/brasil/2017/06/27/tecnologia/1498546758_220854.html
228,https://brasil.elpais.com/brasil/2017/06/28/tecnologia/1498663252_980126.html
229,https://brasil.elpais.com/brasil/2017/06/27/tecnologia/1498586479_298507.html
230,https://brasil.elpais.com/brasil/2017/06/28/tecnologia/1498639459_556568.html
231,https://brasil.elpais.com/brasil/2017/06/27/tecnologia/1498551583_523780.html
232,https://brasil.elpais.com/brasil/2017/06/23/tecnologia/1498219551_135588.html
233,https://brasil.elpais.com/brasil/2017/06/23/tecnologia/1498213275_166491.html
234,https://brasil.elpais.com/brasil/2017/06/23/tecnologia/1498217993_075316.html
235,https://brasil.elpais.com/brasil/2017/06/22/tecnologia/1498125929_545303.html
236,https://brasil.elpais.com/brasil/2017/06/22/tecnologia/1498125851_732891.html
237,https://brasil.elpais.com/brasil/2017/06/22/tecnologia/1498084221_750786.html
238,https://brasil.elpais.com/brasil/2017/06/19/tecnologia/1497863250_293976.html
239,https://brasil.elpais.com/brasil/2017/06/15/tecnologia/1497543732_731084.html
240,https://brasil.elpais.com/brasil/2017/06/12/tecnologia/1497262742_585969.html
241,https://brasil.elpais.com/brasil/2017/06/06/tecnologia/1496743532_975835.html
242,https://brasil.elpais.com/brasil/2017/06/05/tecnologia/1496686488_354964.html
243,https://brasil.elpais.com/brasil/2017/06/02/tecnologia/1496398983_300665.html
244,https://brasil.elpais.com/brasil/2017/06/02/tecnologia/1496395001_733618.html
245,https://brasil.elpais.com/brasil/2017/06/01/tecnologia/1496303023_390070.html
246,https://brasil.elpais.com/brasil/2017/05/17/tecnologia/1495034504_368120.html
247,https://brasil.elpais.com/brasil/2017/05/23/tecnologia/1495519350_208416.html
248,https://brasil.elpais.com/brasil/2017/05/19/tecnologia/1495189858_566160.html
249,https://brasil.elpais.com/brasil/2017/05/19/tecnologia/1495202801_698394.html
250,https://brasil.elpais.com/brasil/2017/05/17/tecnologia/1495043213_500990.html
251,https://brasil.elpais.com/brasil/2017/05/12/tecnologia/1494579700_227645.html
252,https://brasil.elpais.com/brasil/2017/05/17/tecnologia/1495013152_183704.html
253,https://brasil.elpais.com/brasil/2017/05/16/tecnologia/1494921578_805049.html
254,https://brasil.elpais.com/brasil/2017/05/09/tecnologia/1494320217_516497.html
255,https://brasil.elpais.com/brasil/2017/05/06/tecnologia/1494086279_329810.html
256,https://brasil.elpais.com/brasil/2017/05/09/tecnologia/1494303077_222354.html
257,https://brasil.elpais.com/brasil/2017/05/04/tecnologia/1493912269_033759.html
258,https://brasil.elpais.com/brasil/2017/05/03/tecnologia/1493835469_309268.html
259,https://brasil.elpais.com/brasil/2017/05/03/tecnologia/1493828798_122684.html
260,https://brasil.elpais.com/brasil/2017/05/03/tecnologia/1493847760_483829.html
261,https://brasil.elpais.com/brasil/2017/05/03/tecnologia/1493798748_679780.html
262,https://brasil.elpais.com/brasil/2017/04/26/tecnologia/1493219480_136403.html
263,https://brasil.elpais.com/brasil/2017/04/27/tecnologia/1493303906_913634.html
264,https://brasil.elpais.com/brasil/2017/04/25/tecnologia/1493143697_626006.html
265,https://brasil.elpais.com/brasil/2017/04/25/tecnologia/1493122888_029183.html
266,https://brasil.elpais.com/brasil/2017/04/25/tecnologia/1493091415_902777.html
267,https://brasil.elpais.com/brasil/2017/04/25/tecnologia/1493115964_662179.html
268,https://brasil.elpais.com/brasil/2017/04/20/tecnologia/1492671874_457252.html
269,https://brasil.elpais.com/brasil/2017/04/18/tecnologia/1492507604_943862.html
270,https://brasil.elpais.com/brasil/2017/04/18/tecnologia/1492537344_234768.html
271,https://brasil.elpais.com/brasil/2017/04/18/tecnologia/1492476380_046665.html
272,https://brasil.elpais.com/brasil/2017/04/12/tecnologia/1491983344_468991.html
273,https://brasil.elpais.com/brasil/2017/04/10/tecnologia/1491818135_739977.html
274,https://brasil.elpais.com/brasil/2017/04/06/tecnologia/1491491055_218017.html
275,https://brasil.elpais.com/brasil/2017/04/07/tecnologia/1491560947_675664.html
276,https://brasil.elpais.com/brasil/2017/04/05/tecnologia/1491390957_573772.html
277,https://brasil.elpais.com/brasil/2017/03/26/tecnologia/1490523817_632253.html
278,https://brasil.elpais.com/brasil/2017/04/04/tecnologia/1491296467_396232.html
279,https://brasil.elpais.com/brasil/2017/04/04/tecnologia/1491320931_864280.html
280,https://brasil.elpais.com/brasil/2017/03/30/tecnologia/1490894520_090389.html
281,https://brasil.elpais.com/brasil/2017/03/30/tecnologia/1490875820_211150.html
282,https://brasil.elpais.com/brasil/2017/03/28/tecnologia/1490692640_151559.html
283,https://brasil.elpais.com/brasil/2017/03/29/tecnologia/1490742953_987707.html
284,https://brasil.elpais.com/brasil/2017/03/25/tecnologia/1490419097_668328.html
285,https://brasil.elpais.com/brasil/2017/03/27/tecnologia/1490606479_553173.html
286,https://brasil.elpais.com/brasil/2017/03/24/tecnologia/1490381054_231370.html
287,https://brasil.elpais.com/brasil/2017/03/17/tecnologia/1489765144_437524.html
288,https://brasil.elpais.com/brasil/2017/03/09/tecnologia/1489078250_691655.html
289,https://brasil.elpais.com/brasil/2017/03/21/tecnologia/1490100555_441555.html
290,https://brasil.elpais.com/brasil/2017/03/14/tecnologia/1489511332_941580.html
291,https://brasil.elpais.com/brasil/2017/03/10/tecnologia/1489151406_512872.html
292,https://brasil.elpais.com/brasil/2017/03/16/tecnologia/1489677415_491954.html
293,https://brasil.elpais.com/brasil/2017/02/28/tecnologia/1488280363_420661.html
294,https://brasil.elpais.com/brasil/2017/03/06/tecnologia/1488794145_339901.html
295,https://brasil.elpais.com/brasil/2017/03/09/tecnologia/1489052577_789811.html
296,https://brasil.elpais.com/brasil/2017/03/03/tecnologia/1488535490_022436.html
297,https://brasil.elpais.com/brasil/2017/02/28/tecnologia/1488316342_209179.html
298,https://brasil.elpais.com/brasil/2017/02/27/tecnologia/1488183303_787373.html
299,https://brasil.elpais.com/brasil/2017/02/24/tecnologia/1487959523_030409.html
300,https://brasil.elpais.com/brasil/2017/02/24/tecnologia/1487930530_379969.html
301,https://brasil.elpais.com/brasil/2017/02/22/tecnologia/1487776938_179268.html
302,https://brasil.elpais.com/brasil/2017/02/22/tecnologia/1487751699_386759.html
303,https://brasil.elpais.com/brasil/2017/02/19/tecnologia/1487540938_038219.html
304,https://brasil.elpais.com/brasil/2017/02/21/tecnologia/1487693011_719471.html
305,https://brasil.elpais.com/brasil/2017/02/20/tecnologia/1487613902_181998.html
306,https://brasil.elpais.com/brasil/2017/02/15/tecnologia/1487127369_845986.html
307,https://brasil.elpais.com/brasil/2017/02/14/tecnologia/1487090003_689890.html
308,https://brasil.elpais.com/brasil/2017/02/15/tecnologia/1487141337_703416.html
309,https://brasil.elpais.com/brasil/2017/02/14/tecnologia/1487057887_086306.html
310,https://brasil.elpais.com/brasil/2017/02/10/tecnologia/1486716456_058325.html
311,https://brasil.elpais.com/brasil/2017/02/10/tecnologia/1486720265_257149.html
312,https://brasil.elpais.com/brasil/2017/02/08/tecnologia/1486515265_931034.html
313,https://brasil.elpais.com/brasil/2017/01/31/tecnologia/1485878187_452280.html
314,https://brasil.elpais.com/brasil/2017/02/06/tecnologia/1486342454_976788.html
315,https://brasil.elpais.com/brasil/2017/02/02/tecnologia/1486029974_439862.html
316,https://brasil.elpais.com/brasil/2017/02/01/tecnologia/1485925496_575455.html
317,https://brasil.elpais.com/brasil/2017/02/01/tecnologia/1485952780_188826.html
318,https://brasil.elpais.com/brasil/2017/01/27/tecnologia/1485517693_197674.html
319,https://brasil.elpais.com/brasil/2017/01/27/tecnologia/1485512728_331052.html
320,https://brasil.elpais.com/brasil/2017/01/27/tecnologia/1485514019_225863.html
321,https://brasil.elpais.com/brasil/2017/01/26/tecnologia/1485435443_182055.html
322,https://brasil.elpais.com/brasil/2017/01/27/tecnologia/1485520009_409143.html
323,https://brasil.elpais.com/brasil/2017/01/26/tecnologia/1485417845_415331.html
324,https://brasil.elpais.com/brasil/2017/01/26/tecnologia/1485445516_603996.html
325,https://brasil.elpais.com/brasil/2017/01/26/tecnologia/1485411800_488688.html
326,https://brasil.elpais.com/brasil/2017/01/19/tecnologia/1484845010_544850.html
327,https://brasil.elpais.com/brasil/2017/01/24/tecnologia/1485252740_897863.html
328,https://brasil.elpais.com/brasil/2017/01/17/tecnologia/1484673175_019521.html
329,https://brasil.elpais.com/brasil/2017/01/23/tecnologia/1485146076_294197.html
330,https://brasil.elpais.com/brasil/2017/01/16/tecnologia/1484569665_497878.html
331,https://brasil.elpais.com/brasil/2017/01/20/tecnologia/1484915969_980620.html
332,https://brasil.elpais.com/brasil/2017/01/14/tecnologia/1484396544_180927.html
333,https://brasil.elpais.com/brasil/2017/01/10/tecnologia/1484039818_858363.html
334,https://brasil.elpais.com/brasil/2017/01/13/tecnologia/1484297080_130803.html
335,https://brasil.elpais.com/brasil/2017/01/13/tecnologia/1484321785_874904.html
336,https://brasil.elpais.com/brasil/2017/01/13/tecnologia/1484277363_914466.html
337,https://brasil.elpais.com/brasil/2017/01/11/tecnologia/1484145535_207227.html
338,https://brasil.elpais.com/brasil/2017/01/03/tecnologia/1483438810_913917.html
339,https://brasil.elpais.com/brasil/2017/01/06/tecnologia/1483693908_260153.html
340,https://brasil.elpais.com/brasil/2017/01/07/tecnologia/1483759960_726296.html
341,https://brasil.elpais.com/brasil/2016/12/31/tecnologia/1483138930_992189.html
342,https://brasil.elpais.com/brasil/2016/12/28/tecnologia/1482919715_905577.html
343,https://brasil.elpais.com/brasil/2016/12/27/tecnologia/1482832732_792421.html
344,https://brasil.elpais.com/brasil/2016/12/24/tecnologia/1482534055_587116.html
345,https://brasil.elpais.com/brasil/2016/12/23/tecnologia/1482456347_110436.html
346,https://brasil.elpais.com/brasil/2016/12/20/tecnologia/1482224578_102377.html
347,https://brasil.elpais.com/brasil/2016/12/20/tecnologia/1482266394_851249.html
348,https://brasil.elpais.com/brasil/2016/12/17/tecnologia/1481934262_389212.html
349,https://brasil.elpais.com/brasil/2016/12/16/tecnologia/1481885810_896641.html
350,https://brasil.elpais.com/brasil/2016/12/15/tecnologia/1481816004_231188.html
351,https://brasil.elpais.com/brasil/2016/12/15/tecnologia/1481826281_662486.html
352,https://brasil.elpais.com/brasil/2016/12/15/tecnologia/1481764618_902095.html
353,https://brasil.elpais.com/brasil/2016/12/14/tecnologia/1481737171_568373.html
354,https://brasil.elpais.com/brasil/2016/12/14/tecnologia/1481753868_540005.html
355,https://brasil.elpais.com/brasil/2016/12/13/tecnologia/1481648331_715617.html
356,https://brasil.elpais.com/brasil/2016/12/14/tecnologia/1481719241_989922.html
357,https://brasil.elpais.com/brasil/2016/12/13/tecnologia/1481656040_180257.html
358,https://brasil.elpais.com/brasil/2016/12/08/tecnologia/1481193194_418182.html
359,https://brasil.elpais.com/brasil/2016/12/05/tecnologia/1480919983_060487.html
360,https://brasil.elpais.com/brasil/2016/12/05/tecnologia/1480951710_297474.html
361,https://brasil.elpais.com/brasil/2016/11/30/tecnologia/1480519916_862963.html
362,https://brasil.elpais.com/brasil/2016/11/28/tecnologia/1480345514_066142.html
363,https://brasil.elpais.com/brasil/2016/11/24/tecnologia/1480000224_140668.html
364,https://brasil.elpais.com/brasil/2016/11/27/tecnologia/1480240350_973557.html
365,https://brasil.elpais.com/brasil/2016/11/23/tecnologia/1479897698_896068.html
366,https://brasil.elpais.com/brasil/2016/11/23/tecnologia/1479903649_828123.html
367,https://brasil.elpais.com/brasil/2016/11/22/tecnologia/1479829002_717742.html
368,https://brasil.elpais.com/brasil/2016/11/21/tecnologia/1479713764_135804.html
369,https://brasil.elpais.com/brasil/2016/11/19/tecnologia/1479570324_067343.html
370,https://brasil.elpais.com/brasil/2016/11/17/tecnologia/1479386325_617770.html
371,https://brasil.elpais.com/brasil/2016/11/16/tecnologia/1479286884_997983.html
372,https://brasil.elpais.com/brasil/2016/11/15/tecnologia/1479201313_967124.html
373,https://brasil.elpais.com/brasil/2016/11/15/tecnologia/1479198742_255873.html
374,https://brasil.elpais.com/brasil/2016/11/13/tecnologia/1479058225_674360.html
375,https://brasil.elpais.com/brasil/2016/11/10/tecnologia/1478800498_251059.html
376,https://brasil.elpais.com/brasil/2016/10/26/tecnologia/1477502097_899751.html
377,https://brasil.elpais.com/brasil/2016/10/31/tecnologia/1477903793_233927.html
378,https://brasil.elpais.com/brasil/2016/10/28/tecnologia/1477665362_504859.html
379,https://brasil.elpais.com/brasil/2016/10/27/tecnologia/1477590987_848062.html
380,https://brasil.elpais.com/brasil/2016/10/26/tecnologia/1477479821_810901.html
381,https://brasil.elpais.com/brasil/2016/10/26/tecnologia/1477480235_164392.html
382,https://brasil.elpais.com/brasil/2016/10/25/tecnologia/1477411381_416131.html
383,https://brasil.elpais.com/brasil/2016/10/20/tecnologia/1476969778_356688.html
384,https://brasil.elpais.com/brasil/2016/10/17/tecnologia/1476695831_608756.html
385,https://brasil.elpais.com/brasil/2016/10/24/tecnologia/1477333145_235988.html
386,https://brasil.elpais.com/brasil/2016/10/21/tecnologia/1477073994_072618.html
387,https://brasil.elpais.com/brasil/2016/10/21/tecnologia/1477036260_191452.html
388,https://brasil.elpais.com/brasil/2016/10/20/tecnologia/1476975023_282489.html
389,https://brasil.elpais.com/brasil/2016/10/17/tecnologia/1476673660_072917.html
390,https://brasil.elpais.com/brasil/2016/10/16/tecnologia/1476576930_269452.html
391,https://brasil.elpais.com/brasil/2016/10/14/tecnologia/1476466163_701983.html
392,https://brasil.elpais.com/brasil/2016/10/06/tecnologia/1475764522_965847.html
393,https://brasil.elpais.com/brasil/2016/10/11/tecnologia/1476162906_201226.html
394,https://brasil.elpais.com/brasil/2016/10/10/tecnologia/1476077282_607137.html
395,https://brasil.elpais.com/brasil/2016/10/04/tecnologia/1475596285_595836.html
396,https://brasil.elpais.com/brasil/2016/10/05/tecnologia/1475654778_242061.html
397,https://brasil.elpais.com/brasil/2016/10/05/tecnologia/1475655977_843384.html
398,https://brasil.elpais.com/brasil/2016/10/04/tecnologia/1475599447_154986.html
399,https://brasil.elpais.com/brasil/2016/10/03/tecnologia/1475531935_720009.html
400,https://brasil.elpais.com/brasil/2016/10/04/tecnologia/1475578401_460930.html
401,https://brasil.elpais.com/brasil/2016/09/28/tecnologia/1475057923_735993.html
402,https://brasil.elpais.com/brasil/2016/09/27/tecnologia/1474975944_468987.html
403,https://brasil.elpais.com/brasil/2016/09/22/tecnologia/1474532310_362968.html
404,https://brasil.elpais.com/brasil/2016/09/20/tecnologia/1474384588_950079.html
405,https://brasil.elpais.com/brasil/2016/09/20/tecnologia/1474347397_090936.html
406,https://brasil.elpais.com/brasil/2016/09/20/tecnologia/1474360879_783676.html
407,https://brasil.elpais.com/brasil/2016/09/18/tecnologia/1474209818_728312.html
408,https://brasil.elpais.com/brasil/2016/09/16/tecnologia/1474037298_483005.html
409,https://brasil.elpais.com/brasil/2016/09/15/tecnologia/1473950908_051813.html
410,https://brasil.elpais.com/brasil/2016/09/14/tecnologia/1473841723_893110.html
411,https://brasil.elpais.com/brasil/2016/09/13/tecnologia/1473755805_611594.html
412,https://brasil.elpais.com/brasil/2016/09/14/tecnologia/1473841871_441193.html
413,https://brasil.elpais.com/brasil/2016/09/12/tecnologia/1473667259_562256.html
414,https://brasil.elpais.com/brasil/2016/09/13/tecnologia/1473762359_362299.html
415,https://brasil.elpais.com/brasil/2016/09/13/tecnologia/1473726550_970002.html
416,https://brasil.elpais.com/brasil/2016/09/08/tecnologia/1473345516_374640.html
417,https://brasil.elpais.com/brasil/2016/09/09/tecnologia/1473432258_347935.html
418,https://brasil.elpais.com/brasil/2016/09/08/tecnologia/1473325370_609613.html
419,https://brasil.elpais.com/brasil/2016/09/08/tecnologia/1473322461_320350.html
420,https://brasil.elpais.com/brasil/2016/09/07/tecnologia/1473269672_074022.html
421,https://brasil.elpais.com/brasil/2016/08/31/tecnologia/1472640773_833028.html
422,https://brasil.elpais.com/brasil/2016/09/05/tecnologia/1473070307_247422.html
423,https://brasil.elpais.com/brasil/2016/09/02/tecnologia/1472804040_976463.html
424,https://brasil.elpais.com/brasil/2016/08/31/tecnologia/1472642567_500051.html
425,https://brasil.elpais.com/brasil/2016/08/30/tecnologia/1472517847_415055.html
426,https://brasil.elpais.com/brasil/2016/08/29/tecnologia/1472469105_228120.html
427,https://brasil.elpais.com/brasil/2016/08/26/tecnologia/1472204762_447506.html
428,https://brasil.elpais.com/brasil/2016/08/25/tecnologia/1472127872_211990.html
429,https://brasil.elpais.com/brasil/2016/08/25/tecnologia/1472130602_996229.html
430,https://brasil.elpais.com/brasil/2016/08/25/tecnologia/1472115839_243463.html
431,https://brasil.elpais.com/brasil/2016/08/23/tecnologia/1471943961_361950.html
432,https://brasil.elpais.com/brasil/2016/08/19/tecnologia/1471622152_106143.html
433,https://brasil.elpais.com/brasil/2016/08/19/tecnologia/1471617722_382954.html
434,https://brasil.elpais.com/brasil/2016/08/18/tecnologia/1471544404_953254.html
435,https://brasil.elpais.com/brasil/2016/08/18/tecnologia/1471546671_666580.html
436,https://brasil.elpais.com/brasil/2016/01/20/tecnologia/1453323445_230233.html
437,https://brasil.elpais.com/brasil/2016/08/11/tecnologia/1470930947_481454.html
438,https://brasil.elpais.com/brasil/2016/08/02/tecnologia/1470154143_566018.html
439,https://brasil.elpais.com/brasil/2016/08/03/tecnologia/1470209159_586706.html
440,https://brasil.elpais.com/brasil/2016/08/01/tecnologia/1470046825_152849.html
441,https://brasil.elpais.com/brasil/2016/08/02/tecnologia/1470135935_132645.html
442,https://brasil.elpais.com/brasil/2016/08/01/tecnologia/1470055473_959703.html
443,https://brasil.elpais.com/brasil/2016/07/28/tecnologia/1469695341_557176.html
444,https://brasil.elpais.com/brasil/2016/07/27/tecnologia/1469655503_811005.html
445,https://brasil.elpais.com/brasil/2016/07/21/tecnologia/1469105247_499897.html
446,https://brasil.elpais.com/brasil/2016/07/22/tecnologia/1469197832_346573.html
447,https://brasil.elpais.com/brasil/2016/07/20/tecnologia/1469030507_548433.html
448,https://brasil.elpais.com/brasil/2016/07/18/tecnologia/1468857393_733061.html
449,https://brasil.elpais.com/brasil/2016/05/26/tecnologia/1464271242_445283.html
450,https://brasil.elpais.com/brasil/2016/07/15/tecnologia/1468569643_512029.html
451,https://brasil.elpais.com/brasil/2016/07/09/tecnologia/1468087028_159176.html
452,https://brasil.elpais.com/brasil/2016/07/14/tecnologia/1468484582_300594.html
453,https://brasil.elpais.com/brasil/2016/07/12/tecnologia/1468352196_911950.html
454,https://brasil.elpais.com/brasil/2016/07/12/tecnologia/1468336791_763102.html
455,https://brasil.elpais.com/brasil/2016/07/08/tecnologia/1467967697_672476.html
456,https://brasil.elpais.com/brasil/2016/07/05/tecnologia/1467733677_651416.html
457,https://brasil.elpais.com/brasil/2016/07/07/tecnologia/1467886552_437206.html
458,https://brasil.elpais.com/brasil/2016/07/06/tecnologia/1467805514_983360.html
459,https://brasil.elpais.com/brasil/2015/01/09/tecnologia/1420841983_974598.html
460,https://brasil.elpais.com/brasil/2016/07/03/tecnologia/1467557832_124349.html
461,https://brasil.elpais.com/brasil/2016/07/01/tecnologia/1467337732_779288.html
462,https://brasil.elpais.com/brasil/2016/06/30/tecnologia/1467241453_042707.html
463,https://brasil.elpais.com/brasil/2016/06/30/tecnologia/1467279302_573519.html
464,https://brasil.elpais.com/brasil/2016/06/27/tecnologia/1467047623_589258.html
465,https://brasil.elpais.com/brasil/2016/06/23/tecnologia/1466696570_269717.html
466,https://brasil.elpais.com/brasil/2016/06/22/tecnologia/1466617774_991020.html
467,https://brasil.elpais.com/brasil/2016/06/22/tecnologia/1466585733_171594.html
468,https://brasil.elpais.com/brasil/2016/06/15/tecnologia/1466008207_051182.html
469,https://brasil.elpais.com/brasil/2016/06/10/tecnologia/1465549365_706398.html
470,https://brasil.elpais.com/brasil/2016/06/10/tecnologia/1465546950_905738.html
471,https://brasil.elpais.com/brasil/2016/06/13/tecnologia/1465831215_171961.html
472,https://brasil.elpais.com/brasil/2016/06/14/tecnologia/1465888357_353026.html
473,https://brasil.elpais.com/brasil/2016/06/10/tecnologia/1465554280_754080.html
474,https://brasil.elpais.com/brasil/2016/06/10/tecnologia/1465577075_876238.html
475,https://brasil.elpais.com/brasil/2016/06/07/tecnologia/1465289600_958618.html
476,https://brasil.elpais.com/brasil/2016/06/06/tecnologia/1465224037_191065.html
477,https://brasil.elpais.com/brasil/2016/06/02/tecnologia/1464893762_847712.html
478,https://brasil.elpais.com/brasil/2016/05/27/tecnologia/1464314019_118390.html
479,https://brasil.elpais.com/brasil/2016/05/24/tecnologia/1464078235_276648.html
480,https://brasil.elpais.com/brasil/2016/05/24/tecnologia/1464068298_539471.html
481,https://brasil.elpais.com/brasil/2016/05/19/tecnologia/1463678523_135021.html
482,https://brasil.elpais.com/brasil/2016/05/19/tecnologia/1463658605_243806.html
483,https://brasil.elpais.com/brasil/2016/05/19/tecnologia/1463647042_448318.html
484,https://brasil.elpais.com/brasil/2016/05/16/tecnologia/1463385894_263250.html
485,https://brasil.elpais.com/brasil/2016/05/06/tecnologia/1462546070_614699.html
486,https://brasil.elpais.com/brasil/2016/05/11/tecnologia/1462971068_817559.html
487,https://brasil.elpais.com/brasil/2016/05/11/tecnologia/1462973003_473243.html
488,https://brasil.elpais.com/brasil/2016/05/10/tecnologia/1462874046_524079.html
489,https://brasil.elpais.com/brasil/2016/05/03/tecnologia/1462266462_386670.html
490,https://brasil.elpais.com/brasil/2016/05/06/tecnologia/1462550216_094378.html
491,https://brasil.elpais.com/brasil/2016/05/05/tecnologia/1462438952_059450.html
492,https://brasil.elpais.com/brasil/2016/05/03/tecnologia/1462286633_680210.html
493,https://brasil.elpais.com/brasil/2016/05/03/tecnologia/1462297479_606966.html
494,https://brasil.elpais.com/brasil/2016/04/22/tecnologia/1461320388_250370.html
495,https://brasil.elpais.com/brasil/2016/04/28/tecnologia/1461831733_977431.html
496,https://brasil.elpais.com/brasil/2016/04/25/tecnologia/1461584888_166531.html
497,https://brasil.elpais.com/brasil/2016/04/18/tecnologia/1461001432_877021.html
498,https://brasil.elpais.com/brasil/2016/04/21/tecnologia/1461193165_356814.html
499,https://brasil.elpais.com/brasil/2016/04/19/tecnologia/1461079518_662275.html
500,https://brasil.elpais.com/brasil/2016/04/18/tecnologia/1460971907_276261.html
501,https://brasil.elpais.com/brasil/2016/04/12/tecnologia/1460484136_716565.html
502,https://brasil.elpais.com/brasil/2016/04/12/tecnologia/1460484719_124786.html
503,https://brasil.elpais.com/brasil/2016/04/12/tecnologia/1460456413_614877.html
504,https://brasil.elpais.com/brasil/2016/04/11/tecnologia/1460361324_475730.html
505,https://brasil.elpais.com/brasil/2016/04/11/tecnologia/1460363237_376278.html
506,https://brasil.elpais.com/brasil/2016/04/07/tecnologia/1460016121_556723.html
507,https://brasil.elpais.com/brasil/2016/04/06/tecnologia/1459942001_217614.html
508,https://brasil.elpais.com/brasil/2016/04/05/tecnologia/1459875233_301649.html
509,https://brasil.elpais.com/brasil/2016/04/03/tecnologia/1459678536_326742.html
510,https://brasil.elpais.com/brasil/2016/03/30/tecnologia/1459363552_851558.html
511,https://brasil.elpais.com/brasil/2016/04/01/tecnologia/1459499353_283441.html
512,https://brasil.elpais.com/brasil/2016/03/30/tecnologia/1459324742_281707.html
513,https://brasil.elpais.com/brasil/2016/03/23/tecnologia/1458731823_505515.html
514,https://brasil.elpais.com/brasil/2016/03/24/tecnologia/1458855274_096966.html
515,https://brasil.elpais.com/brasil/2016/03/21/tecnologia/1458586564_336590.html
516,https://brasil.elpais.com/brasil/2016/03/21/tecnologia/1458541765_485635.html
517,https://brasil.elpais.com/brasil/2016/03/08/tecnologia/1457455392_700133.html
518,https://brasil.elpais.com/brasil/2016/03/11/tecnologia/1457704699_399299.html
519,https://brasil.elpais.com/brasil/2016/03/10/tecnologia/1457614661_056562.html
520,https://brasil.elpais.com/brasil/2016/03/08/tecnologia/1457391656_822617.html
521,https://brasil.elpais.com/brasil/2016/03/05/tecnologia/1457207138_738744.html
522,https://brasil.elpais.com/brasil/2016/03/05/tecnologia/1457148121_256670.html
523,https://brasil.elpais.com/brasil/2016/03/02/tecnologia/1456937251_849106.html
524,https://brasil.elpais.com/brasil/2016/03/01/tecnologia/1456844379_733390.html
525,https://brasil.elpais.com/brasil/2016/03/01/tecnologia/1456843819_998702.html
526,https://brasil.elpais.com/brasil/2016/02/29/tecnologia/1456782364_112830.html
527,https://brasil.elpais.com/brasil/2016/02/19/tecnologia/1455891353_945078.html
528,https://brasil.elpais.com/brasil/2016/02/25/tecnologia/1456412604_236393.html
529,https://brasil.elpais.com/brasil/2016/02/25/tecnologia/1456394796_311293.html
530,https://brasil.elpais.com/brasil/2016/02/24/tecnologia/1456328758_465322.html
531,https://brasil.elpais.com/brasil/2016/02/24/tecnologia/1456293661_000601.html
532,https://brasil.elpais.com/brasil/2016/02/24/tecnologia/1456311729_123037.html
533,https://brasil.elpais.com/brasil/2016/02/21/tecnologia/1456083248_448430.html
534,https://brasil.elpais.com/brasil/2016/02/22/tecnologia/1456156212_376432.html
535,https://brasil.elpais.com/brasil/2016/02/22/tecnologia/1456150059_059841.html
536,https://brasil.elpais.com/brasil/2016/02/22/tecnologia/1456161146_608390.html
537,https://brasil.elpais.com/brasil/2016/02/21/tecnologia/1456066926_217819.html
538,https://brasil.elpais.com/brasil/2016/02/19/tecnologia/1455865620_043788.html
539,https://brasil.elpais.com/brasil/2016/02/20/tecnologia/1456004722_567391.html
540,https://brasil.elpais.com/brasil/2016/02/15/tecnologia/1455545463_722276.html
541,https://brasil.elpais.com/brasil/2016/02/12/tecnologia/1455276316_317187.html
542,https://brasil.elpais.com/brasil/2016/02/12/tecnologia/1455297277_254585.html
543,https://brasil.elpais.com/brasil/2016/02/10/tecnologia/1455141165_468656.html
544,https://brasil.elpais.com/brasil/2016/02/10/tecnologia/1455076260_301710.html
545,https://brasil.elpais.com/brasil/2016/02/05/tecnologia/1454669305_507310.html
546,https://brasil.elpais.com/brasil/2016/02/06/tecnologia/1454723308_025797.html
547,https://brasil.elpais.com/brasil/2016/02/04/tecnologia/1454566429_652431.html
548,https://brasil.elpais.com/brasil/2016/01/29/tecnologia/1454082963_451030.html
549,https://brasil.elpais.com/brasil/2016/01/30/tecnologia/1454152870_840087.html
550,https://brasil.elpais.com/brasil/2016/01/15/tecnologia/1452888132_132936.html
551,https://brasil.elpais.com/brasil/2016/01/15/tecnologia/1452858744_059694.html
552,https://brasil.elpais.com/brasil/2016/01/27/tecnologia/1453863273_407176.html
553,https://brasil.elpais.com/brasil/2016/01/24/tecnologia/1453619064_216467.html
554,https://brasil.elpais.com/brasil/2016/01/26/tecnologia/1453795784_604817.html
555,https://brasil.elpais.com/brasil/2016/01/24/tecnologia/1453623857_097744.html
556,https://brasil.elpais.com/brasil/2016/01/22/tecnologia/1453417302_027115.html
557,https://brasil.elpais.com/brasil/2016/01/20/tecnologia/1453281839_103381.html
558,https://brasil.elpais.com/brasil/2016/01/20/tecnologia/1453266660_963302.html
559,https://brasil.elpais.com/brasil/2016/01/15/tecnologia/1452852920_965932.html
560,https://brasil.elpais.com/brasil/2016/01/11/tecnologia/1452514239_693394.html
561,https://brasil.elpais.com/brasil/2016/01/07/tecnologia/1452151716_371185.html
562,https://brasil.elpais.com/brasil/2016/01/07/tecnologia/1452169135_888314.html
563,https://brasil.elpais.com/brasil/2016/01/07/tecnologia/1452131631_099058.html
564,https://brasil.elpais.com/brasil/2015/12/29/tecnologia/1451389097_383695.html
565,https://brasil.elpais.com/brasil/2015/12/22/tecnologia/1450804305_172717.html
566,https://brasil.elpais.com/brasil/2015/12/28/tecnologia/1451325296_274261.html
567,https://brasil.elpais.com/brasil/2015/12/16/tecnologia/1450269574_416701.html
568,https://brasil.elpais.com/brasil/2015/12/22/tecnologia/1450808725_898115.html
569,https://brasil.elpais.com/brasil/2015/12/23/tecnologia/1450831856_696149.html
570,https://brasil.elpais.com/brasil/2015/12/17/tecnologia/1450374900_277300.html
571,https://brasil.elpais.com/brasil/2015/12/17/tecnologia/1450353342_031249.html
572,https://brasil.elpais.com/brasil/2015/12/15/tecnologia/1450211250_342929.html
573,https://brasil.elpais.com/brasil/2015/12/14/tecnologia/1450080504_867705.html
574,https://brasil.elpais.com/brasil/2015/12/10/tecnologia/1449742816_727991.html
575,https://brasil.elpais.com/brasil/2015/12/10/tecnologia/1449744876_955885.html
576,https://brasil.elpais.com/brasil/2015/12/09/tecnologia/1449672917_406226.html
577,https://brasil.elpais.com/brasil/2015/12/01/tecnologia/1448969313_640233.html
578,https://brasil.elpais.com/brasil/2015/12/04/tecnologia/1449226958_195088.html
579,https://brasil.elpais.com/brasil/2015/12/04/tecnologia/1449253648_392059.html
580,https://brasil.elpais.com/brasil/2015/12/02/tecnologia/1449070411_420812.html
581,https://brasil.elpais.com/brasil/2015/11/30/tecnologia/1448844934_784904.html
582,https://brasil.elpais.com/brasil/2015/11/24/tecnologia/1448359583_195958.html
583,https://brasil.elpais.com/brasil/2015/11/23/tecnologia/1448295742_731998.html
584,https://brasil.elpais.com/brasil/2015/11/16/tecnologia/1447693328_055863.html
585,https://brasil.elpais.com/brasil/2015/11/21/tecnologia/1448093067_964586.html
586,https://brasil.elpais.com/brasil/2015/11/13/tecnologia/1447412293_267278.html
587,https://brasil.elpais.com/brasil/2015/11/18/tecnologia/1447837949_139596.html
588,https://brasil.elpais.com/brasil/2015/11/19/tecnologia/1447949979_838506.html
589,https://brasil.elpais.com/brasil/2015/11/17/tecnologia/1447796116_889838.html
590,https://brasil.elpais.com/brasil/2015/11/16/tecnologia/1447689267_713343.html
591,https://brasil.elpais.com/brasil/2015/11/13/tecnologia/1447434830_488406.html
592,https://brasil.elpais.com/brasil/2015/11/11/tecnologia/1447261152_989136.html
593,https://brasil.elpais.com/brasil/2015/11/11/tecnologia/1447267131_043123.html
594,https://brasil.elpais.com/brasil/2015/11/10/tecnologia/1447178653_783906.html
595,https://brasil.elpais.com/brasil/2015/11/04/tecnologia/1446650640_828874.html
596,https://brasil.elpais.com/brasil/2015/11/05/tecnologia/1446722914_529336.html
597,https://brasil.elpais.com/brasil/2015/11/06/tecnologia/1446764883_580600.html
598,https://brasil.elpais.com/brasil/2015/11/03/tecnologia/1446563522_864579.html
599,https://brasil.elpais.com/brasil/2015/11/03/tecnologia/1446541960_684437.html
600,https://brasil.elpais.com/brasil/2015/10/30/tecnologia/1446221355_308814.html
601,https://brasil.elpais.com/brasil/2015/10/30/tecnologia/1446237696_750231.html
602,https://brasil.elpais.com/brasil/2015/10/29/tecnologia/1446113159_556036.html
603,https://brasil.elpais.com/brasil/2015/10/28/tecnologia/1446028217_743827.html
604,https://brasil.elpais.com/brasil/2015/10/26/tecnologia/1445879354_729291.html
605,https://brasil.elpais.com/brasil/2015/10/23/tecnologia/1445612531_992107.html
606,https://brasil.elpais.com/brasil/2015/10/21/tecnologia/1445430317_965973.html
607,https://brasil.elpais.com/brasil/2015/10/18/tecnologia/1445165029_777762.html
608,https://brasil.elpais.com/brasil/2015/06/13/tecnologia/1434163588_843355.html
609,https://brasil.elpais.com/brasil/2015/10/16/tecnologia/1445021629_512608.html
610,https://brasil.elpais.com/brasil/2015/10/15/tecnologia/1444907110_519778.html
611,https://brasil.elpais.com/brasil/2015/10/16/tecnologia/1445008139_272065.html
612,https://brasil.elpais.com/brasil/2015/10/13/tecnologia/1444761762_059471.html
613,https://brasil.elpais.com/brasil/2015/10/15/tecnologia/1444892545_756919.html
614,https://brasil.elpais.com/brasil/2015/10/12/tecnologia/1444653204_489985.html
615,https://brasil.elpais.com/brasil/2015/10/08/tecnologia/1444317803_934980.html
616,https://brasil.elpais.com/brasil/2015/10/06/tecnologia/1444138495_940078.html
617,https://brasil.elpais.com/brasil/2015/10/06/tecnologia/1444160150_620828.html
618,https://brasil.elpais.com/brasil/2015/10/06/tecnologia/1444147938_849814.html
619,https://brasil.elpais.com/brasil/2015/10/06/tecnologia/1444087352_911788.html
620,https://brasil.elpais.com/brasil/2015/09/30/tecnologia/1443609039_954260.html
621,https://brasil.elpais.com/brasil/2015/09/30/tecnologia/1443594576_519674.html
622,https://brasil.elpais.com/brasil/2015/10/01/tecnologia/1443696359_739686.html
623,https://brasil.elpais.com/brasil/2015/09/22/tecnologia/1442908601_881457.html
624,https://brasil.elpais.com/brasil/2015/09/29/tecnologia/1443513660_355899.html
625,https://brasil.elpais.com/brasil/2015/09/29/tecnologia/1443517424_410406.html
626,https://brasil.elpais.com/brasil/2015/09/28/tecnologia/1443467803_176595.html
627,https://brasil.elpais.com/brasil/2015/09/24/tecnologia/1443122349_060083.html
628,https://brasil.elpais.com/brasil/2015/09/23/tecnologia/1443020622_189310.html
629,https://brasil.elpais.com/brasil/2015/09/23/tecnologia/1443019803_293742.html
630,https://brasil.elpais.com/brasil/2015/09/17/tecnologia/1442474104_701114.html
631,https://brasil.elpais.com/brasil/2015/09/15/tecnologia/1442327365_650658.html
632,https://brasil.elpais.com/brasil/2015/09/21/tecnologia/1442823415_104653.html
633,https://brasil.elpais.com/brasil/2015/09/18/tecnologia/1442565424_619429.html
634,https://brasil.elpais.com/brasil/2015/09/17/tecnologia/1442473542_369624.html
635,https://brasil.elpais.com/brasil/2015/09/17/tecnologia/1442442792_703169.html
636,https://brasil.elpais.com/brasil/2015/09/15/tecnologia/1442309403_211837.html
637,https://brasil.elpais.com/brasil/2015/09/16/tecnologia/1442393264_464337.html
638,https://brasil.elpais.com/brasil/2015/09/15/tecnologia/1442345889_130111.html
639,https://brasil.elpais.com/brasil/2015/09/14/tecnologia/1442219131_856995.html
640,https://brasil.elpais.com/brasil/2015/09/10/tecnologia/1441883865_691696.html
641,https://brasil.elpais.com/brasil/2015/09/10/tecnologia/1441875236_516194.html
642,https://brasil.elpais.com/brasil/2015/09/09/tecnologia/1441823741_869131.html
643,https://brasil.elpais.com/brasil/2015/09/09/tecnologia/1441813964_824489.html
644,https://brasil.elpais.com/brasil/2015/09/04/tecnologia/1441375167_988480.html
645,https://brasil.elpais.com/brasil/2015/09/07/tecnologia/1441633815_251504.html
646,https://brasil.elpais.com/brasil/2015/09/02/tecnologia/1441215186_574183.html
647,https://brasil.elpais.com/brasil/2015/08/26/tecnologia/1440623644_123997.html
648,https://brasil.elpais.com/brasil/2015/08/26/tecnologia/1440607240_167958.html
649,https://brasil.elpais.com/brasil/2015/08/22/tecnologia/1440226457_464503.html
650,https://brasil.elpais.com/brasil/2015/08/18/tecnologia/1439918462_506077.html
651,https://brasil.elpais.com/brasil/2015/08/20/tecnologia/1440086423_069878.html
652,https://brasil.elpais.com/brasil/2015/08/19/tecnologia/1440010115_603248.html
653,https://brasil.elpais.com/brasil/2015/08/19/tecnologia/1439982485_545659.html
654,https://brasil.elpais.com/brasil/2015/08/19/tecnologia/1439980543_649831.html
655,https://brasil.elpais.com/brasil/2015/08/18/tecnologia/1439856679_945396.html
656,https://brasil.elpais.com/brasil/2015/08/14/tecnologia/1439552109_575957.html
657,https://brasil.elpais.com/brasil/2015/08/05/tecnologia/1438775393_590130.html
658,https://brasil.elpais.com/brasil/2015/08/16/tecnologia/1439686992_178591.html
659,https://brasil.elpais.com/brasil/2015/08/14/tecnologia/1439581101_596045.html
660,https://brasil.elpais.com/brasil/2015/08/14/tecnologia/1439561569_623548.html
661,https://brasil.elpais.com/brasil/2015/08/13/tecnologia/1439460654_270304.html
662,https://brasil.elpais.com/brasil/2015/08/11/tecnologia/1439246445_236050.html
663,https://brasil.elpais.com/brasil/2015/08/11/tecnologia/1439289376_885720.html
664,https://brasil.elpais.com/brasil/2015/08/11/tecnologia/1439276220_801037.html
665,https://brasil.elpais.com/brasil/2015/08/11/tecnologia/1439297684_116440.html
666,https://brasil.elpais.com/brasil/2015/08/07/tecnologia/1438945047_003893.html
667,https://brasil.elpais.com/brasil/2015/08/04/tecnologia/1438646617_941740.html
668,https://brasil.elpais.com/brasil/2015/07/28/tecnologia/1438110536_298018.html
669,https://brasil.elpais.com/brasil/2015/07/28/tecnologia/1438064563_656976.html
670,https://brasil.elpais.com/brasil/2015/07/22/tecnologia/1437553587_451170.html
671,https://brasil.elpais.com/brasil/2015/07/20/tecnologia/1437385855_079233.html
672,https://brasil.elpais.com/brasil/2015/07/15/tecnologia/1436979893_332715.html
673,https://brasil.elpais.com/brasil/2015/07/16/tecnologia/1437037011_190055.html
674,https://brasil.elpais.com/brasil/2015/07/05/tecnologia/1436118609_996981.html
675,https://brasil.elpais.com/brasil/2015/07/13/tecnologia/1436784784_920825.html
676,https://brasil.elpais.com/brasil/2015/07/09/tecnologia/1436438484_307077.html
677,https://brasil.elpais.com/brasil/2015/07/08/tecnologia/1436384949_186334.html
678,https://brasil.elpais.com/brasil/2015/07/02/tecnologia/1435845247_202110.html
679,https://brasil.elpais.com/brasil/2015/07/01/tecnologia/1435762959_325528.html
680,https://brasil.elpais.com/brasil/2015/06/30/tecnologia/1435666552_856487.html
681,https://brasil.elpais.com/brasil/2015/06/14/tecnologia/1434269698_536795.html
682,https://brasil.elpais.com/brasil/2015/06/24/tecnologia/1435122547_113319.html
683,https://brasil.elpais.com/brasil/2015/06/24/tecnologia/1435102673_473555.html
684,https://brasil.elpais.com/brasil/2015/06/23/tecnologia/1435080230_473059.html
685,https://brasil.elpais.com/brasil/2015/06/16/tecnologia/1434468531_266503.html
686,https://brasil.elpais.com/brasil/2015/06/15/tecnologia/1434354796_205397.html
687,https://brasil.elpais.com/brasil/2015/06/15/tecnologia/1434357239_445236.html
688,https://brasil.elpais.com/brasil/2015/06/14/tecnologia/1434273798_099267.html
689,https://brasil.elpais.com/brasil/2015/06/12/tecnologia/1434127973_985050.html
690,https://brasil.elpais.com/brasil/2015/06/13/tecnologia/1434172265_098081.html
691,https://brasil.elpais.com/brasil/2015/06/08/tecnologia/1433752575_152694.html
692,https://brasil.elpais.com/brasil/2015/06/12/tecnologia/1434103095_932305.html
693,https://brasil.elpais.com/brasil/2015/06/08/tecnologia/1433792833_013294.html
694,https://brasil.elpais.com/brasil/2015/06/04/tecnologia/1433396114_091984.html
695,https://brasil.elpais.com/brasil/2015/06/03/tecnologia/1433283247_161394.html
696,https://brasil.elpais.com/brasil/2015/06/02/tecnologia/1433211206_622673.html
697,https://brasil.elpais.com/brasil/2015/05/29/tecnologia/1432903443_592401.html
698,https://brasil.elpais.com/brasil/2015/06/01/tecnologia/1433154805_638987.html
699,https://brasil.elpais.com/brasil/2015/05/26/tecnologia/1432623752_127764.html
700,https://brasil.elpais.com/brasil/2015/05/27/tecnologia/1432740324_435954.html
701,https://brasil.elpais.com/brasil/2015/05/30/tecnologia/1432940004_501801.html
702,https://brasil.elpais.com/brasil/2015/05/29/tecnologia/1432879744_225283.html
703,https://brasil.elpais.com/brasil/2015/05/19/tecnologia/1432065683_709025.html
704,https://brasil.elpais.com/brasil/2015/05/16/tecnologia/1431793116_192357.html
705,https://brasil.elpais.com/brasil/2015/05/17/tecnologia/1431893985_005662.html
706,https://brasil.elpais.com/brasil/2015/05/15/tecnologia/1431706825_594861.html
707,https://brasil.elpais.com/brasil/2015/05/15/tecnologia/1431707500_364949.html
708,https://brasil.elpais.com/brasil/2015/05/15/tecnologia/1431702172_096235.html
709,https://brasil.elpais.com/brasil/2015/05/11/tecnologia/1431375430_586512.html
710,https://brasil.elpais.com/brasil/2015/05/13/tecnologia/1431490102_473389.html
711,https://brasil.elpais.com/brasil/2015/05/11/tecnologia/1431336831_681912.html
712,https://brasil.elpais.com/brasil/2015/05/12/tecnologia/1431403432_264658.html
713,https://brasil.elpais.com/brasil/2015/05/06/tecnologia/1430934202_446201.html
714,https://brasil.elpais.com/brasil/2015/04/29/tecnologia/1430327358_463976.html
715,https://brasil.elpais.com/brasil/2015/04/22/tecnologia/1429719984_193699.html
716,https://brasil.elpais.com/brasil/2015/04/14/tecnologia/1429026936_159082.html
717,https://brasil.elpais.com/brasil/2015/04/07/tecnologia/1428398450_841012.html
718,https://brasil.elpais.com/brasil/2015/03/25/tecnologia/1427303745_217246.html
719,https://brasil.elpais.com/brasil/2015/03/27/tecnologia/1427472684_173075.html
720,https://brasil.elpais.com/brasil/2015/04/01/tecnologia/1427842086_184195.html
721,https://brasil.elpais.com/brasil/2015/04/01/tecnologia/1427884637_283742.html
722,https://brasil.elpais.com/brasil/2015/03/26/tecnologia/1427365322_811238.html
723,https://brasil.elpais.com/brasil/2015/03/31/tecnologia/1427761349_872907.html
724,https://brasil.elpais.com/brasil/2015/03/16/tecnologia/1426516438_121761.html
725,https://brasil.elpais.com/brasil/2015/03/29/tecnologia/1427587240_509922.html
726,https://brasil.elpais.com/brasil/2015/03/27/tecnologia/1427463790_681602.html
727,https://brasil.elpais.com/brasil/2015/03/14/tecnologia/1426352857_200153.html
728,https://brasil.elpais.com/brasil/2015/03/11/tecnologia/1426089473_056451.html
729,https://brasil.elpais.com/brasil/2015/03/12/tecnologia/1426174603_716507.html
730,https://brasil.elpais.com/brasil/2015/03/12/tecnologia/1426185739_204253.html
731,https://brasil.elpais.com/brasil/2015/03/10/tecnologia/1425979384_797549.html
732,https://brasil.elpais.com/brasil/2015/03/09/tecnologia/1425917158_752169.html
733,https://brasil.elpais.com/brasil/2015/03/05/tecnologia/1425581064_172368.html
734,https://brasil.elpais.com/brasil/2015/03/02/tecnologia/1425297946_868757.html
735,https://brasil.elpais.com/brasil/2015/02/27/tecnologia/1425053335_288538.html
736,https://brasil.elpais.com/brasil/2015/02/28/tecnologia/1425127005_105408.html
737,https://brasil.elpais.com/brasil/2015/02/26/tecnologia/1424974386_348813.html
738,https://brasil.elpais.com/brasil/2015/02/24/tecnologia/1424799408_869917.html
739,https://brasil.elpais.com/brasil/2015/02/19/tecnologia/1424346492_338922.html
740,https://brasil.elpais.com/brasil/2015/02/10/tecnologia/1423588323_775936.html
741,https://brasil.elpais.com/brasil/2015/02/06/tecnologia/1423229660_373840.html
742,https://brasil.elpais.com/brasil/2015/01/21/tecnologia/1421871446_928828.html
743,https://brasil.elpais.com/brasil/2015/01/20/tecnologia/1421754731_531467.html
744,https://brasil.elpais.com/brasil/2015/01/20/tecnologia/1421776268_637703.html
745,https://brasil.elpais.com/brasil/2015/01/08/tecnologia/1420722899_672718.html
746,https://brasil.elpais.com/brasil/2015/01/14/tecnologia/1421216848_513675.html
747,https://brasil.elpais.com/brasil/2014/12/15/tecnologia/1418678935_043531.html
748,https://brasil.elpais.com/brasil/2014/12/26/tecnologia/1419613701_125460.html
749,https://brasil.elpais.com/brasil/2014/12/26/tecnologia/1419612652_594021.html
750,https://brasil.elpais.com/brasil/2014/12/10/tecnologia/1418238574_228198.html
751,https://brasil.elpais.com/brasil/2014/12/08/tecnologia/1418033010_727427.html
752,https://brasil.elpais.com/brasil/2014/12/05/tecnologia/1417746533_827467.html
753,https://brasil.elpais.com/brasil/2014/12/05/tecnologia/1417801727_106345.html
754,https://brasil.elpais.com/brasil/2014/11/24/tecnologia/1416831260_738423.html
755,https://brasil.elpais.com/brasil/2014/11/27/tecnologia/1417128936_030202.html
756,https://brasil.elpais.com/brasil/2014/11/21/tecnologia/1416578874_192585.html
757,https://brasil.elpais.com/brasil/2014/11/19/tecnologia/1416352503_205665.html
758,https://brasil.elpais.com/brasil/2014/11/18/tecnologia/1416323297_782621.html
759,https://brasil.elpais.com/brasil/2014/11/15/tecnologia/1416080810_986785.html
760,https://brasil.elpais.com/brasil/2014/11/13/tecnologia/1415867984_862840.html
761,https://brasil.elpais.com/brasil/2014/11/11/tecnologia/1415722429_800908.html
762,https://brasil.elpais.com/brasil/2014/11/07/tecnologia/1415390968_297668.html
763,https://brasil.elpais.com/brasil/2014/10/22/tecnologia/1413987541_759546.html
764,https://brasil.elpais.com/brasil/2014/10/24/tecnologia/1414149387_515443.html
765,https://brasil.elpais.com/brasil/2014/10/20/tecnologia/1413842160_312679.html
766,https://brasil.elpais.com/brasil/2014/10/16/tecnologia/1413486654_662548.html
767,https://brasil.elpais.com/brasil/2014/10/15/tecnologia/1413333970_087854.html
768,https://brasil.elpais.com/brasil/2014/10/08/tecnologia/1412804660_922205.html
769,https://brasil.elpais.com/brasil/2014/10/02/tecnologia/1412246311_483096.html
770,https://brasil.elpais.com/brasil/2014/10/03/tecnologia/1412316854_881671.html
771,https://brasil.elpais.com/brasil/2014/10/01/tecnologia/1412134388_262059.html
772,https://brasil.elpais.com/brasil/2014/09/30/tecnologia/1412055770_826317.html
773,https://brasil.elpais.com/brasil/2014/09/30/tecnologia/1412095010_605306.html
774,https://brasil.elpais.com/brasil/2014/09/30/tecnologia/1412093806_357956.html
775,https://brasil.elpais.com/brasil/2014/09/27/tecnologia/1411854879_577814.html
776,https://brasil.elpais.com/brasil/2014/09/27/tecnologia/1411843717_873255.html
777,https://brasil.elpais.com/brasil/2014/09/26/tecnologia/1411761661_440268.html
778,https://brasil.elpais.com/brasil/2014/09/24/tecnologia/1411594313_450822.html
779,https://brasil.elpais.com/brasil/2014/09/24/tecnologia/1411595026_856587.html
780,https://brasil.elpais.com/brasil/2014/09/20/tecnologia/1411208567_093919.html
781,https://brasil.elpais.com/brasil/2014/09/18/tecnologia/1411066195_016730.html
782,https://brasil.elpais.com/brasil/2014/09/12/tecnologia/1410545493_678726.html
783,https://brasil.elpais.com/brasil/2014/09/12/tecnologia/1410533769_422436.html
784,https://brasil.elpais.com/brasil/2014/09/11/tecnologia/1410426074_608678.html
785,https://brasil.elpais.com/brasil/2014/09/10/tecnologia/1410370277_060781.html
786,https://brasil.elpais.com/brasil/2014/09/01/tecnologia/1409566805_969749.html
787,https://brasil.elpais.com/brasil/2014/08/24/tecnologia/1408899415_877844.html
788,https://brasil.elpais.com/brasil/2014/08/20/tecnologia/1408565447_593891.html
789,https://brasil.elpais.com/brasil/2014/08/20/tecnologia/1408515407_783423.html
790,https://brasil.elpais.com/brasil/2014/08/16/tecnologia/1408205077_975988.html
791,https://brasil.elpais.com/brasil/2014/08/15/tecnologia/1408121933_047472.html
792,https://brasil.elpais.com/brasil/2014/08/11/tecnologia/1407780647_467844.html
793,https://brasil.elpais.com/brasil/2014/09/20/tecnologia/1411208567_093919.html
794,https://brasil.elpais.com/brasil/2014/09/18/tecnologia/1411066195_016730.html
795,https://brasil.elpais.com/brasil/2014/09/12/tecnologia/1410545493_678726.html
796,https://brasil.elpais.com/brasil/2014/09/12/tecnologia/1410533769_422436.html
797,https://brasil.elpais.com/brasil/2014/09/11/tecnologia/1410426074_608678.html
798,https://brasil.elpais.com/brasil/2014/09/10/tecnologia/1410370277_060781.html
799,https://brasil.elpais.com/brasil/2014/09/01/tecnologia/1409566805_969749.html
800,https://brasil.elpais.com/brasil/2014/08/24/tecnologia/1408899415_877844.html
801,https://brasil.elpais.com/brasil/2014/08/20/tecnologia/1408565447_593891.html
802,https://brasil.elpais.com/brasil/2014/08/20/tecnologia/1408515407_783423.html
803,https://brasil.elpais.com/brasil/2014/08/16/tecnologia/1408205077_975988.html
804,https://brasil.elpais.com/brasil/2014/08/15/tecnologia/1408121933_047472.html
805,https://brasil.elpais.com/brasil/2014/08/11/tecnologia/1407780647_467844.html
806,https://brasil.elpais.com/brasil/2014/08/08/tecnologia/1407494825_894627.html
807,https://brasil.elpais.com/brasil/2014/08/07/tecnologia/1407414411_489318.html
808,https://brasil.elpais.com/brasil/2014/07/29/tecnologia/1406663159_224473.html
809,https://brasil.elpais.com/brasil/2014/08/01/tecnologia/1406915576_784975.html
810,https://brasil.elpais.com/brasil/2014/07/30/tecnologia/1406709768_624160.html
811,https://brasil.elpais.com/brasil/2014/07/18/tecnologia/1405693050_777239.html
812,https://brasil.elpais.com/brasil/2014/07/17/tecnologia/1405630090_940193.html
813,https://brasil.elpais.com/brasil/2014/07/14/tecnologia/1405304884_463970.html
814,https://brasil.elpais.com/brasil/2014/07/08/tecnologia/1404795601_892489.html
815,https://brasil.elpais.com/brasil/2014/09/20/tecnologia/1411208567_093919.html
816,https://brasil.elpais.com/brasil/2014/09/18/tecnologia/1411066195_016730.html
817,https://brasil.elpais.com/brasil/2014/09/12/tecnologia/1410545493_678726.html
818,https://brasil.elpais.com/brasil/2014/09/12/tecnologia/1410533769_422436.html
819,https://brasil.elpais.com/brasil/2014/09/11/tecnologia/1410426074_608678.html
820,https://brasil.elpais.com/brasil/2014/09/10/tecnologia/1410370277_060781.html
821,https://brasil.elpais.com/brasil/2014/09/01/tecnologia/1409566805_969749.html
822,https://brasil.elpais.com/brasil/2014/08/24/tecnologia/1408899415_877844.html
823,https://brasil.elpais.com/brasil/2014/08/20/tecnologia/1408565447_593891.html
824,https://brasil.elpais.com/brasil/2014/08/20/tecnologia/1408515407_783423.html
825,https://brasil.elpais.com/brasil/2014/08/16/tecnologia/1408205077_975988.html
826,https://brasil.elpais.com/brasil/2014/08/15/tecnologia/1408121933_047472.html
827,https://brasil.elpais.com/brasil/2014/08/11/tecnologia/1407780647_467844.html
828,https://brasil.elpais.com/brasil/2014/08/08/tecnologia/1407494825_894627.html
829,https://brasil.elpais.com/brasil/2014/08/07/tecnologia/1407414411_489318.html
830,https://brasil.elpais.com/brasil/2014/07/29/tecnologia/1406663159_224473.html
831,https://brasil.elpais.com/brasil/2014/08/01/tecnologia/1406915576_784975.html
832,https://brasil.elpais.com/brasil/2014/07/30/tecnologia/1406709768_624160.html
833,https://brasil.elpais.com/brasil/2014/07/18/tecnologia/1405693050_777239.html
834,https://brasil.elpais.com/brasil/2014/07/17/tecnologia/1405630090_940193.html
835,https://brasil.elpais.com/brasil/2014/07/14/tecnologia/1405304884_463970.html
836,https://brasil.elpais.com/brasil/2014/07/08/tecnologia/1404795601_892489.html
837,https://brasil.elpais.com/brasil/2014/06/27/tecnologia/1403886630_918603.html
838,https://brasil.elpais.com/brasil/2014/07/03/tecnologia/1404405567_813834.html
839,https://brasil.elpais.com/brasil/2014/07/03/tecnologia/1404379347_269255.html
840,https://brasil.elpais.com/brasil/2014/06/30/tecnologia/1404108700_038585.html
841,https://brasil.elpais.com/brasil/2014/06/25/tecnologia/1403719605_821313.html
842,https://brasil.elpais.com/brasil/2014/06/18/tecnologia/1403103600_694968.html
843,https://brasil.elpais.com/brasil/2014/06/10/tecnologia/1402430812_302488.html
844,https://brasil.elpais.com/brasil/2014/06/08/tecnologia/1402246404_930952.html
845,https://brasil.elpais.com/brasil/2014/06/06/tecnologia/1402082139_266819.html
846,https://brasil.elpais.com/brasil/2014/06/03/tecnologia/1401809258_671120.html
847,https://brasil.elpais.com/brasil/2014/06/02/tecnologia/1401726704_307283.html
848,https://brasil.elpais.com/brasil/2014/05/30/tecnologia/1401435080_160337.html
849,https://brasil.elpais.com/brasil/2014/05/28/tecnologia/1401264168_418936.html
850,https://brasil.elpais.com/brasil/2014/05/21/tecnologia/1400681422_107821.html
851,https://brasil.elpais.com/brasil/2014/05/17/tecnologia/1400294094_241605.html
852,https://brasil.elpais.com/brasil/2014/05/16/tecnologia/1400261830_286813.html
853,https://brasil.elpais.com/brasil/2014/05/16/tecnologia/1400250378_650605.html
854,https://brasil.elpais.com/brasil/2014/05/14/tecnologia/1400069954_903737.html
855,https://brasil.elpais.com/brasil/2014/05/08/tecnologia/1399535076_751468.html
856,https://brasil.elpais.com/brasil/2014/05/02/tecnologia/1399020018_134070.html
857,https://brasil.elpais.com/brasil/2014/05/03/tecnologia/1399081258_282871.html
858,https://brasil.elpais.com/brasil/2014/05/02/tecnologia/1399047751_788228.html
859,https://brasil.elpais.com/brasil/2014/04/28/tecnologia/1398690876_287610.html
860,https://brasil.elpais.com/brasil/2014/04/28/tecnologia/1398670936_789681.html
861,https://brasil.elpais.com/brasil/2014/04/27/tecnologia/1398617849_171878.html
862,https://brasil.elpais.com/brasil/2014/04/25/tecnologia/1398377566_273574.html
863,https://brasil.elpais.com/brasil/2014/04/25/tecnologia/1398390938_759131.html
864,https://brasil.elpais.com/brasil/2014/04/24/tecnologia/1398304310_120041.html
865,https://brasil.elpais.com/brasil/2014/04/21/tecnologia/1398093101_089166.html
866,https://brasil.elpais.com/brasil/2014/04/21/tecnologia/1398074279_437461.html
867,https://brasil.elpais.com/brasil/2014/04/17/tecnologia/1397726880_380810.html
868,https://brasil.elpais.com/brasil/2014/04/16/tecnologia/1397633093_202336.html
869,https://brasil.elpais.com/brasil/2014/04/14/tecnologia/1397499124_436246.html
870,https://brasil.elpais.com/brasil/2014/04/10/tecnologia/1397115279_891732.html
871,https://brasil.elpais.com/brasil/2014/04/10/tecnologia/1397120803_149084.html
872,https://brasil.elpais.com/brasil/2014/04/09/tecnologia/1397069299_064149.html
873,https://brasil.elpais.com/brasil/2014/04/02/tecnologia/1396452296_714365.html
874,https://brasil.elpais.com/brasil/2014/06/06/tecnologia/1402082139_266819.html
875,https://brasil.elpais.com/brasil/2014/06/03/tecnologia/1401809258_671120.html
876,https://brasil.elpais.com/brasil/2014/06/02/tecnologia/1401726704_307283.html
877,https://brasil.elpais.com/brasil/2014/05/30/tecnologia/1401435080_160337.html
878,https://brasil.elpais.com/brasil/2014/05/28/tecnologia/1401264168_418936.html
879,https://brasil.elpais.com/brasil/2014/05/21/tecnologia/1400681422_107821.html
880,https://brasil.elpais.com/brasil/2014/05/17/tecnologia/1400294094_241605.html
881,https://brasil.elpais.com/brasil/2014/05/16/tecnologia/1400261830_286813.html
882,https://brasil.elpais.com/brasil/2014/05/16/tecnologia/1400250378_650605.html
883,https://brasil.elpais.com/brasil/2014/05/14/tecnologia/1400069954_903737.html
884,https://brasil.elpais.com/brasil/2014/05/08/tecnologia/1399535076_751468.html
885,https://brasil.elpais.com/brasil/2014/05/02/tecnologia/1399020018_134070.html
886,https://brasil.elpais.com/brasil/2014/05/03/tecnologia/1399081258_282871.html
887,https://brasil.elpais.com/brasil/2014/05/02/tecnologia/1399047751_788228.html
888,https://brasil.elpais.com/brasil/2014/04/28/tecnologia/1398690876_287610.html
889,https://brasil.elpais.com/brasil/2014/04/28/tecnologia/1398670936_789681.html
890,https://brasil.elpais.com/brasil/2014/04/27/tecnologia/1398617849_171878.html
891,https://brasil.elpais.com/brasil/2014/04/25/tecnologia/1398377566_273574.html
892,https://brasil.elpais.com/brasil/2014/04/25/tecnologia/1398390938_759131.html
893,https://brasil.elpais.com/brasil/2014/04/24/tecnologia/1398304310_120041.html
894,https://brasil.elpais.com/brasil/2014/04/21/tecnologia/1398093101_089166.html
895,https://brasil.elpais.com/brasil/2014/04/21/tecnologia/1398074279_437461.html
896,https://brasil.elpais.com/brasil/2014/04/17/tecnologia/1397726880_380810.html
897,https://brasil.elpais.com/brasil/2014/04/16/tecnologia/1397633093_202336.html
898,https://brasil.elpais.com/brasil/2014/04/14/tecnologia/1397499124_436246.html
899,https://brasil.elpais.com/brasil/2014/04/10/tecnologia/1397115279_891732.html
900,https://brasil.elpais.com/brasil/2014/04/10/tecnologia/1397120803_149084.html
901,https://brasil.elpais.com/brasil/2014/04/09/tecnologia/1397069299_064149.html
902,https://brasil.elpais.com/brasil/2014/04/02/tecnologia/1396452296_714365.html
903,https://brasil.elpais.com/brasil/2014/03/28/tecnologia/1396017294_838063.html
904,https://brasil.elpais.com/brasil/2014/03/26/tecnologia/1395796446_034242.html
905,https://brasil.elpais.com/brasil/2014/03/26/tecnologia/1395831472_056597.html
906,https://brasil.elpais.com/brasil/2014/03/25/tecnologia/1395776953_258137.html
907,https://brasil.elpais.com/brasil/2014/03/24/tecnologia/1395692864_846813.html
908,https://brasil.elpais.com/brasil/2014/03/17/tecnologia/1395049840_032058.html
909,https://brasil.elpais.com/brasil/2014/03/21/tecnologia/1395406457_812733.html
910,https://brasil.elpais.com/brasil/2014/03/15/tecnologia/1394838091_902859.html
911,https://brasil.elpais.com/brasil/2014/03/12/tecnologia/1394627326_424062.html
912,https://brasil.elpais.com/brasil/2014/03/11/tecnologia/1394554623_973239.html
913,https://brasil.elpais.com/brasil/2014/03/06/tecnologia/1394114748_677174.html
914,https://brasil.elpais.com/brasil/2014/03/04/tecnologia/1393956660_106495.html
915,https://brasil.elpais.com/brasil/2014/02/27/tecnologia/1393531851_402213.html
916,https://brasil.elpais.com/brasil/2014/02/26/tecnologia/1393406318_743930.html
917,https://brasil.elpais.com/brasil/2014/02/27/tecnologia/1393513990_706713.html
918,https://brasil.elpais.com/brasil/2014/02/26/tecnologia/1393369995_154946.html
919,https://brasil.elpais.com/brasil/2014/02/25/tecnologia/1393348103_358830.html
920,https://brasil.elpais.com/brasil/2014/02/24/tecnologia/1393260824_204685.html
921,https://brasil.elpais.com/brasil/2014/02/25/tecnologia/1393319825_988195.html
922,https://brasil.elpais.com/brasil/2014/02/24/tecnologia/1393254617_665749.html
923,https://brasil.elpais.com/brasil/2014/02/24/tecnologia/1393237126_432236.html
924,https://brasil.elpais.com/brasil/2014/02/21/tecnologia/1392984727_430598.html
925,https://brasil.elpais.com/brasil/2014/02/22/tecnologia/1393097762_143356.html
926,https://brasil.elpais.com/brasil/2014/02/21/tecnologia/1393004381_865603.html
927,https://brasil.elpais.com/brasil/2014/02/20/tecnologia/1392907095_894321.html
928,https://brasil.elpais.com/brasil/2014/02/20/tecnologia/1392890212_667919.html
929,https://brasil.elpais.com/brasil/2014/02/20/tecnologia/1392856462_294411.html
930,https://brasil.elpais.com/brasil/2014/02/19/tecnologia/1392848898_360807.html
931,https://brasil.elpais.com/brasil/2014/02/14/tecnologia/1392380348_116392.html
932,https://brasil.elpais.com/brasil/2014/02/05/tecnologia/1391632058_649894.html
933,https://brasil.elpais.com/brasil/2014/02/04/tecnologia/1391513706_706968.html
934,https://brasil.elpais.com/brasil/2014/02/04/tecnologia/1391553083_815513.html
935,https://brasil.elpais.com/brasil/2014/02/04/tecnologia/1391524641_470838.html
936,https://brasil.elpais.com/brasil/2014/01/30/tecnologia/1391116279_803464.html
937,https://brasil.elpais.com/brasil/2014/01/31/tecnologia/1391157654_251374.html
938,https://brasil.elpais.com/brasil/2014/01/30/tecnologia/1391098478_046118.html
939,https://brasil.elpais.com/brasil/2014/01/30/tecnologia/1391100016_113850.html
940,https://brasil.elpais.com/brasil/2014/01/30/tecnologia/1391097654_035595.html
941,https://brasil.elpais.com/brasil/2014/01/29/tecnologia/1391033389_202525.html
942,https://brasil.elpais.com/brasil/2014/01/23/tecnologia/1390466544_669034.html
943,https://brasil.elpais.com/brasil/2014/01/22/tecnologia/1390383053_367250.html
944,https://brasil.elpais.com/brasil/2014/01/15/tecnologia/1389806742_319484.html
945,https://brasil.elpais.com/brasil/2014/01/14/tecnologia/1389728023_963665.html
946,https://brasil.elpais.com/brasil/2014/01/13/tecnologia/1389604627_796660.html
947,https://brasil.elpais.com/brasil/2014/01/10/tecnologia/1389341268_861076.html
948,https://brasil.elpais.com/brasil/2014/01/08/tecnologia/1389167289_206866.html
949,https://brasil.elpais.com/brasil/2014/01/06/tecnologia/1389037452_720619.html
950,https://brasil.elpais.com/brasil/2013/12/18/tecnologia/1387377077_979029.html
951,https://brasil.elpais.com/brasil/2013/12/23/tecnologia/1387797734_794568.html
952,https://brasil.elpais.com/brasil/2013/12/18/tecnologia/1387375575_327212.html
953,https://brasil.elpais.com/brasil/2013/12/16/tecnologia/1387205308_779223.html
954,https://brasil.elpais.com/brasil/2013/12/17/tecnologia/1387272833_518838.html
955,https://brasil.elpais.com/brasil/2013/12/10/tecnologia/1386678337_112849.html
956,https://brasil.elpais.com/brasil/2013/12/06/tecnologia/1386363162_738694.html
957,https://brasil.elpais.com/brasil/2013/11/30/tecnologia/1385825389_243503.html
958,https://brasil.elpais.com/brasil/2013/12/03/tecnologia/1386066399_724185.html
959,https://brasil.elpais.com/brasil/2013/12/02/tecnologia/1385969482_968727.html
960,https://brasil.elpais.com/brasil/2013/11/25/tecnologia/1385335705_311688.html
961,https://brasil.elpais.com/brasil/2013/11/21/tecnologia/1385020167_633685.html
962,https://brasil.elpais.com/brasil/2013/11/19/tecnologia/1384901496_027768.html
963,https://brasil.elpais.com/brasil/2013/05/17/tecnologia/1368788101_263082.html
